Date,Open,High,Low,Close,Volume,Dividends,Stock Splits
2018-05-08,32.645263671875,32.645263671875,32.645263671875,32.645263671875,0,0.0,0
2018-05-09,34.79601250025987,36.38986936465682,34.68079128401432,36.00580596923828,1730600,0.0,0
2018-05-10,36.005808639468654,36.38026846328709,34.815214955535446,35.276092529296875,293400,0.0,0
2018-05-11,35.41051342378418,35.8617837321493,35.04565353946112,35.67935562133789,128300,0.0,0
2018-05-14,35.72736309276937,35.88098773087546,34.88722755191099,35.36250686645508,172100,0.0,0
2018-05-15,35.34330091648735,35.525729017192816,35.05525153483657,35.28569030761719,173400,0.0,0
2018-05-16,35.516124890526015,35.516124890526015,35.093654467384134,35.30488967895508,48100,0.0,0
2018-05-17,35.45851829075242,35.698556999104284,35.285690127723086,35.6889533996582,109800,0.0,0
2018-05-18,35.794569435770924,36.00580466185107,35.49404124990773,35.97700119018555,70800,0.0,0
2018-05-21,35.045644729201825,36.24583804184572,35.045644729201825,35.94818878173828,72700,0.0,0
2018-05-22,36.10181449964634,36.10181449964634,35.79264604058777,35.99620056152344,87500,0.0,0
2018-05-23,35.861776442766015,36.10181511684798,35.660144835585044,36.063411712646484,35800,0.0,0
2018-05-24,36.00580629987767,36.67791541668206,35.277049864527356,36.5818977355957,84900,0.0,0
2018-05-25,36.716326030148046,38.04133719262754,36.08742206215414,37.388431549072266,138700,0.0,0
2018-05-29,37.167597800912,37.92612110200013,36.6875203186082,37.417240142822266,89500,0.0,0
2018-05-30,36.557891576010405,37.31065325492935,35.89058434082645,37.02356719970703,35000,0.0,0
2018-05-31,36.6059047344184,37.36922610455478,36.06341854676237,37.292415618896484,36000,0.0,0
2018-06-01,37.35962453733443,37.446038619117324,36.48972595506006,36.879547119140625,57800,0.0,0
2018-06-04,37.11958774870422,37.138791285949516,35.06485687856051,36.78353500366211,68300,0.0,0
2018-06-05,36.572299656355945,37.28281588168222,36.485885570339235,37.081180572509766,46900,0.0,0
2018-06-06,37.3020155560912,38.22376702289198,36.01540787268823,37.292415618896484,92500,0.0,0
2018-06-07,37.666871755027145,37.80129283882023,36.48588180965951,37.48444366455078,53000,0.0,0
2018-06-08,37.244410269184115,37.62847004001078,36.72208356006333,37.109989166259766,46500,0.0,0
2018-06-11,37.36922947314368,38.4061985932579,36.93236086874965,37.906917572021484,122800,0.0,0
2018-06-12,38.310183097987206,40.024059498214505,36.98997007179053,38.87667465209961,134900,0.0,0
2018-06-13,38.59822619818003,39.12631063992115,37.21560085229768,38.713443756103516,136000,0.0,0
2018-06-14,38.995001563109106,39.92230644251999,38.6106235585976,39.28328323364258,166900,0.033,0
2018-06-15,39.1871865947068,39.39859486211297,38.15897965619549,39.15835952758789,246800,0.0,0
2018-06-18,38.898908277871776,40.65743283764258,38.269492820210935,38.90851974487305,397200,0.0,0
2018-06-19,39.35055160522461,40.570947639920576,38.46648359888161,39.35055160522461,158400,0.0,0
2018-06-20,39.3985951687159,39.87426010838113,39.08148276513886,39.28328323364258,155800,0.0,0
2018-06-21,39.48507899436602,39.50910399365155,37.86108948285049,38.38960647583008,142500,0.0,0
2018-06-22,38.65867173206605,39.76375579833985,38.0148427594321,39.763755798339844,2217800,0.0,0
2018-06-25,39.638830078706995,40.359536080138035,38.14937174222291,38.418434143066406,210800,0.0,0
2018-06-26,38.677888743465616,38.97578187704254,38.38960707603326,38.418434143066406,72800,0.0,0
2018-06-27,38.49531292822117,38.52317958302415,37.70734129139666,37.98601150512695,111400,0.0,0
2018-06-28,38.66827822122206,39.2544493152714,38.120538326244755,38.918121337890625,95700,0.0,0
2018-06-29,39.158368620526595,39.831028446534766,38.053284358820235,39.340946197509766,66500,0.0,0
2018-07-02,39.264061164124904,39.78777240054578,38.4953088756768,39.61000061035156,39100,0.0,0
2018-07-03,39.85024745071064,39.85024745071064,38.45688146310586,38.69711685180664,45800,0.0,0
2018-07-05,38.52413926159932,39.456253553643705,38.52413926159932,38.745155334472656,78300,0.0,0
2018-07-06,38.74514536157881,39.02862489592148,38.00522026509213,38.13975143432617,80400,0.0,0
2018-07-09,37.97640356112474,39.560994216157596,37.87550515668364,38.42804718017578,118500,0.0,0
2018-07-10,38.8989124844734,39.25157858126567,37.5247658107373,38.2454719543457,115300,0.0,0
2018-07-11,38.06288456205588,39.15835703113892,37.55358685835588,37.64006805419922,110400,0.0,0
2018-07-12,37.726559593887636,37.79382886761797,37.45749716176915,37.53437423706055,45200,0.0,0
2018-07-13,37.47671396872006,38.02445026423762,37.14999375159551,37.937965393066406,102900,0.0,0
2018-07-16,37.937964570746885,38.14937284362762,37.870698968594,37.957183837890625,23500,0.0,0
2018-07-17,37.774602307574796,38.42804265862239,37.51514772709707,37.61124038696289,36200,0.0,0
2018-07-18,37.4863269872303,38.0532826292206,37.462305648711805,37.60164260864258,25300,0.0,0
2018-07-19,37.553586761490536,38.38960464378696,37.553586761490536,38.08210372924805,32300,0.0,0
2018-07-20,37.89952129329762,38.38960337987772,37.89952129329762,38.19741439819336,23700,0.0,0
2018-07-23,38.158983782337,38.389611341327026,38.06289110441656,38.32234573364258,56700,0.0,0
2018-07-24,38.341558730565474,38.341558730565474,37.582414235790296,37.764991760253906,30000,0.0,0
2018-07-25,37.66890274978663,37.723675645865555,37.188432060798796,37.4190559387207,84200,0.0,0
2018-07-26,37.6016352917696,39.302501886770195,37.505538959292004,39.0334358215332,185900,0.0,0
2018-07-27,39.28328144929441,39.28328144929441,38.24065735076824,38.58179473876953,23900,0.0,0
2018-07-30,38.70671657801855,39.40820332677059,38.13111364521454,38.7932014465332,46800,0.0,0
2018-07-31,38.831639021880655,39.052655088028715,37.5920238256717,39.0334358215332,58800,0.0,0
2018-08-01,39.06227299709969,39.39860105199491,38.341566880294906,38.97578811645508,54800,0.0,0
2018-08-02,37.95718613288317,39.28328632037754,36.5167344148149,38.6875,72600,0.0,0
2018-08-03,38.75477004935185,38.88930126449048,37.96679469581005,38.149375915527344,41600,0.0,0
2018-08-06,38.43765692319934,38.649065209301135,37.61124671283845,38.51453399658203,53900,0.0,0
2018-08-07,38.53374667845259,38.754766414824715,37.92835626710393,38.447261810302734,109300,0.0,0
2018-08-08,38.476092543486246,38.69422370798951,38.053276003331234,38.447261810302734,35600,0.0,0
2018-08-09,38.37999852707016,38.581799008741484,38.16378817648727,38.264686584472656,42600,0.0,0
2018-08-10,38.07249454083263,39.02382807225555,37.50553900842307,38.63945007324219,51800,0.0,0
2018-08-13,38.447261210099555,38.870077743653944,37.72559479519412,38.418434143066406,36200,0.0,0
2018-08-14,38.6106298055485,38.69711468727127,38.4184407721978,38.65867614746094,71400,0.0,0
2018-08-15,38.58179520644025,38.91812319991249,37.495930495700954,37.870697021484375,47300,0.0,0
2018-08-16,38.07250669102931,38.52415043414943,37.34219265867687,38.10133743286133,68600,0.0,0
2018-08-17,37.95718416088394,39.629223759613346,37.95718416088394,39.21601867675781,85900,0.0,0
2018-08-20,39.22562797063615,39.523521126687335,39.033438955948306,39.398597717285156,64100,0.0,0
2018-08-21,39.408203206613315,39.711862491832356,39.25445273702277,39.581172943115234,49500,0.0,0
2018-08-22,39.55234549778765,39.715707432123594,38.69806870323464,39.50429916381836,55300,0.0,0
2018-08-23,39.465864282407786,39.840630854028355,39.07187844228095,39.725318908691406,40000,0.0,0
2018-08-24,39.63883353080591,39.87906888553807,38.31273334628823,39.081485748291016,148200,0.0,0
2018-08-27,39.28328435406262,40.22500645970482,38.88929853776639,39.16796875,107500,0.0,0
2018-08-28,39.25445534963513,39.29289388601616,38.447264414136384,38.956565856933594,57000,0.0,0
2018-08-29,38.956559364189296,39.110309818387826,38.610619925817616,39.06226348876953,35900,0.0,0
2018-08-30,39.11031776318143,39.28328751750401,38.57699496497026,38.9661750793457,31600,0.0,0
2018-08-31,38.93735122680664,39.35055637787064,38.53375387813205,38.93735122680664,31500,0.0,0
2018-09-04,38.89891134745528,38.918130617273846,38.49531767836813,38.87969207763672,35300,0.0,0
2018-09-05,38.8316423623081,39.36015940644873,38.793203826010455,39.35055160522461,74900,0.0,0
2018-09-06,39.39859801300002,39.686879704345266,39.11031632165477,39.523521423339844,63200,0.0,0
2018-09-07,39.55234394366503,40.15773799185128,39.19007012761699,39.71570587158203,64000,0.0,0
2018-09-10,39.92711437701668,39.92711437701668,39.244846863807396,39.667659759521484,59600,0.0,0
2018-09-11,39.610006453908085,39.86946107685471,39.235239887107596,39.30250549316406,31900,0.0,0
2018-09-12,39.23525072609625,39.30251635073527,37.94758872261808,38.53376007080078,104200,0.0,0
2018-09-13,38.671272193831776,38.671272193831776,37.906696434446744,38.33466720581055,101000,0.033,0
2018-09-14,38.315436717919894,38.46931382647702,37.642222992212616,37.699928283691406,40300,0.0,0
2018-09-17,37.56528344471556,38.65203883703417,37.478727348372374,37.5556640625,31900,0.0,0
2018-09-18,37.60375198315284,37.84418518935898,36.85360155377994,37.44987487792969,55900,0.0,0
2018-09-19,37.440262068850444,37.5268181765492,36.863223796672024,37.22867965698242,73500,0.0,0
2018-09-20,37.46910801929096,38.40679967579181,37.23829420786139,37.73839569091797,91400,0.0,0
2018-09-21,37.75762919197873,37.998062398844596,37.094034861767994,37.267147064208984,233600,0.0,0
2018-09-24,37.32484855637576,37.97882710599886,36.90168380737304,36.90168380737305,82100,0.0,0
2018-09-25,36.99787054237169,37.10654537600114,35.651442843645356,35.737998962402344,66400,0.0,0
2018-09-26,35.83416351301285,36.536231705063436,35.285976095223994,35.6802864074707,72800,0.0,0
2018-09-27,35.72837341704011,36.29579589084773,35.68028384417831,36.055362701416016,45100,0.0,0
2018-09-28,35.93033657822159,36.25732586407682,35.93033657822159,36.2092399597168,25400,0.0,0
2018-10-01,36.32464940296083,36.526612416621425,35.93995480375243,36.199623107910156,51100,0.0,0
2018-10-02,36.49776444702007,36.49776444702007,36.036133093264546,36.34388732910156,43000,0.0,0
2018-10-03,36.43044797123979,37.65184935179451,36.00728309275827,37.603759765625,44400,0.0,0
2018-10-04,37.52681607797469,38.171175323582744,37.01709884376416,37.699928283691406,29900,0.0,0
2018-10-05,37.82494952879162,38.12308432314595,37.497960258191995,37.8730354309082,21600,0.0,0
2018-10-08,38.036532838830716,38.21926442521301,37.65184190658511,37.94036102294922,25500,0.0,0
2018-10-09,37.95959518983729,38.16155819947199,37.65184098409312,37.71916198730469,17300,0.0,0
2018-10-10,37.709545506135946,37.8922771021008,37.08442133268513,37.49796676635742,73900,0.0,0
2018-10-11,37.43063733908258,37.748010911553536,36.06497857791739,36.2092399597168,61700,0.0,0
2018-10-12,36.632402718800584,36.70933943552861,34.71855282106747,34.9109001159668,162600,0.0,0
2018-10-15,34.93974981410287,35.19941440765992,34.67046217060233,35.05515670776367,37900,0.0,0
2018-10-16,35.1032477220588,36.30541373993753,35.1032477220588,35.920719146728516,49200,0.0,0
2018-10-17,35.68990909715177,36.2621413561204,35.39177057247434,35.5841178894043,22200,0.0,0
2018-10-18,35.42062368030031,35.58411650867902,34.67046954025276,34.71855545043945,66800,0.0,0
2018-10-19,34.670461812064666,35.00707044577962,33.91069212682347,34.016483306884766,45900,0.0,0
2018-10-22,33.89146290449013,34.11266099139361,32.131490253574036,32.294986724853516,61200,0.0,0
2018-10-23,31.342866148369133,33.06436841403809,26.361090896651515,32.997047424316406,156800,0.0,0
2018-10-24,32.99705269614454,33.3067292983403,32.63640290699336,32.7037239074707,88000,0.0,0
2018-10-25,32.01608034823469,33.5452353869543,30.871616162867618,33.42982482910156,76900,0.0,0
2018-10-26,33.17016736723749,34.87243127076802,33.17016736723749,34.55506134033203,65100,0.0,0
2018-10-29,34.97822559552951,35.10325190352338,33.949171655143,35.007080078125,29900,0.0,0
2018-10-30,35.132090886485116,35.84377462841781,34.86280693107645,35.7668342590332,81600,0.0,0
2018-10-31,36.10345072942659,36.53623122960684,35.82454733278603,35.920719146728516,44900,0.0,0
2018-11-01,36.06497373207422,36.28617179738468,35.7283687780624,35.80530548095703,47500,0.0,0
2018-11-02,35.96880845734124,36.06498027057497,35.60334896335795,35.79569625854492,14100,0.0,0
2018-11-05,35.901486758887394,36.786279163400856,35.82454637481521,36.76704406738281,46300,0.0,0
2018-11-06,36.79589432965595,37.49796248335226,36.79589432965595,37.19020462036133,15700,0.0,0
2018-11-07,37.34409019120905,37.44987772826687,35.89187146071157,36.70934295654297,55300,0.0,0
2018-11-08,36.536231903991656,37.0747999419617,35.61296559699232,36.01689529418945,86100,0.0,0
2018-11-09,35.93995490663968,36.39197051169562,35.47351389609805,36.01689529418945,70600,0.0,0
2018-11-12,35.91110138744454,36.19962048155843,35.30520872170184,35.32444381713867,102700,0.0,0
2018-11-13,35.40138927775528,35.88225572650584,34.930138543743,35.151336669921875,87300,0.0,0
2018-11-14,35.487941890172614,35.786076711054804,34.430033605879856,34.939754486083984,113000,0.0,0
2018-11-15,34.84357996534395,36.776665006722766,34.84357996534395,36.199623107910156,152400,0.0,0
2018-11-16,36.21884899062104,36.51698741259674,35.28596720953472,36.064971923828125,67100,0.0,0
2018-11-19,36.01689436395811,36.53142126906953,34.78587387599322,35.79569625854492,85900,0.0,0
2018-11-20,35.58410638482286,36.06497268732046,34.165552259942416,35.7668342590332,114900,0.0,0
2018-11-21,35.632203173908884,36.29580122219406,35.11286652796045,35.67067337036133,53000,0.0,0
2018-11-23,35.51679666968746,36.30541736260947,35.51679666968746,36.13230514526367,18600,0.0,0
2018-11-26,36.35349427338887,36.391964460767284,35.67066495665751,35.96880340576172,47600,0.0,0
2018-11-27,35.891863916724084,36.13229709069395,35.49274396744153,36.00727081298828,36100,0.0,0
2018-11-28,36.151541033283195,37.24791598793868,35.68990966651878,36.38235855102539,99200,0.0,0
2018-11-29,35.99765621579188,36.67086985751344,35.03592349010942,35.863014221191406,100500,0.0,0
2018-11-30,35.86301741707219,36.642018646314256,35.61296483162893,35.9495735168457,195400,0.0,0
2018-12-03,36.12268074170103,36.44005061801713,35.13209358766456,35.574493408203125,69400,0.0,0
2018-12-04,35.46870137601837,36.19288448100785,32.46328682639992,33.16054153442383,71500,0.0,0
2018-12-06,32.63159884179275,33.76644400080725,32.50657253275691,33.5740966796875,133100,0.0,0
2018-12-07,33.48754122262014,34.66085660251704,33.04514494350887,34.00687789916992,88700,0.0,0
2018-12-10,34.04534669140451,36.52661570676916,33.90108528652706,35.5841178894043,305500,0.0,0
2018-12-11,35.430239091273016,35.94957572176692,34.60314823575747,35.295597076416016,66500,0.0,0
2018-12-12,35.70914195296314,36.06498208226665,35.20904042784268,35.9014892578125,132100,0.0,0
2018-12-13,36.08726417227429,36.19314529377769,35.413454854535615,35.83699035644531,178100,0.033,0
2018-12-14,35.634843440423246,35.75998032999891,34.94178210980706,35.45195388793945,122300,0.0,0
2018-12-17,35.326820610310605,35.75998398623397,34.855153007201785,35.2209358215332,202100,0.0,0
2018-12-18,35.46158199946984,35.702227913236065,34.373861441096224,34.662635803222656,332300,0.0,0
2018-12-19,34.47012959294004,34.653019205729166,32.19843107971656,32.487205505371094,179700,0.0,0
2018-12-20,32.227301142551184,32.48719917659982,31.380226476611032,31.447607040405273,135300,0.0,0
2018-12-21,31.543868141687945,31.543868141687945,29.406931162681737,31.062576293945312,242200,0.0,0
2018-12-24,30.74492875781425,32.05404154852819,30.706424522448813,31.158838272094727,32100,0.0,0
2018-12-26,31.178087417775817,32.256180201478635,29.29142412830447,32.150299072265625,57600,0.0,0
2018-12-27,31.688253420431597,32.131044710036846,30.57165831908115,32.082916259765625,148000,0.0,0
2018-12-28,32.15029812841651,33.531603434243884,31.84227162782999,32.92036437988281,55400,0.0,0
2018-12-31,33.07437761659081,33.73855906971414,32.16954655851972,32.80485534667969,60000,0.0,0
2019-01-02,32.82409609988385,33.96957282257224,32.304303797114194,33.70967483520508,87300,0.0,0
2019-01-03,33.497911988407495,34.085088632269894,33.170633383892316,33.91182327270508,53500,0.0,0
2019-01-04,33.507541781034284,34.720395694771874,33.507541781034284,34.537506103515625,62400,0.0,0
2019-01-07,34.499000358579266,34.720394171534124,33.93107582205491,34.152469635009766,66100,0.0,0
2019-01-08,34.4508692039293,34.4508692039293,32.72784361470691,33.9599494934082,51600,0.0,0
2019-01-09,33.90220367428041,34.40274770661452,33.647119546794904,34.39311981201172,34000,0.0,0
2019-01-10,34.094710353279034,34.31610781912668,33.343896298202246,33.95032501220703,45600,0.0,0
2019-01-11,33.81557267742706,34.12359922476765,33.45460372301548,33.526798248291016,25100,0.0,0
2019-01-14,33.39202746740272,33.76743819751039,32.80485449069833,33.238014221191406,35800,0.0,0
2019-01-15,33.14176296363764,34.14285107048822,32.881864877899545,33.86370086669922,49000,0.0,0
2019-01-16,34.10434424015233,35.19687523468096,33.92626491570208,34.585636138916016,34700,0.0,0
2019-01-17,34.62414326900562,34.92254192114729,34.18135189440177,34.672271728515625,43500,0.0,0
2019-01-18,34.53750184332848,34.94178520738428,34.075462139279644,34.86478042602539,44800,0.0,0
2019-01-22,34.537498409531864,34.95333373463601,33.95032186319245,33.969573974609375,21300,0.0,0
2019-01-23,33.87331679422664,34.19097115632446,33.151379067966324,33.84444046020508,29700,0.0,0
2019-01-24,33.9022008470812,33.9022008470812,32.94924131899919,33.50754165649414,28700,0.0,0
2019-01-25,33.82519306103106,33.97920631721922,32.775976605759865,33.642303466796875,201900,0.0,0
2019-01-28,33.469036607312724,33.58454562632951,33.09362954153402,33.37277603149414,32900,0.0,0
2019-01-29,33.09363346634393,33.57492538662016,33.05512923145,33.4882926940918,28500,0.0,0
2019-01-30,33.54604321362597,33.54604321362597,32.55458309675013,32.9684944152832,46900,0.0,0
2019-01-31,32.7471024082673,32.89148777990095,31.871151267945923,32.795230865478516,30500,0.0,0
2019-02-01,32.920368335690014,33.469040835287686,32.56421334008377,33.382408142089844,813300,0.0,0
2019-02-04,33.6904296875,34.68188972898892,33.401655310285946,33.6904296875,89000,0.0,0
2019-02-05,33.5460386809588,34.11396318044429,33.276516434411526,33.63267135620117,31900,0.0,0
2019-02-06,33.45940664420594,33.8829458076798,32.533403095489355,33.536415100097656,24800,0.0,0
2019-02-07,33.76744233083788,34.01771250957872,32.920367537006165,33.016624450683594,27400,0.0,0
2019-02-08,32.91073647274082,33.23801508847526,32.3620640392986,32.80485534667969,17000,0.0,0
2019-02-11,32.92999465838097,32.92999465838097,32.42945058487103,32.87224197387695,11200,0.0,0
2019-02-12,33.03587382721527,33.777063751334495,32.660466754264164,33.1610107421875,24000,0.0,0
2019-02-13,33.02901216891234,33.14945051979138,32.23893688118478,32.87485122680664,20100,0.033,0
2019-02-14,32.69177959202955,33.72273137134316,32.53761868135142,33.58784103393555,31200,0.0,0
2019-02-15,33.64565871782358,35.09091904780886,33.64565871782358,34.20449447631836,99500,0.0,0
2019-02-19,34.14667259055725,34.46463153288115,33.2698817313268,34.2237548828125,99300,0.0,0
2019-02-20,34.28156259261408,34.666962982357944,33.66491535314989,34.599517822265625,50000,0.0,0
2019-02-21,34.67660417917211,34.90784370508639,33.89616250936792,34.28156661987305,44200,0.0,0
2019-02-22,34.39718494150232,34.79222248424832,34.011780847146575,34.40681838989258,43400,0.0,0
2019-02-25,34.62843618327202,34.67661446799453,34.05996697312499,34.20449447631836,20100,0.0,0
2019-02-26,34.13704445153915,34.33937998695201,33.351787773349294,33.9539794921875,28400,0.0,0
2019-02-27,33.94433936325352,34.69587338571737,33.32769568579741,34.638065338134766,322300,0.0,0
2019-02-28,34.72478231192572,34.898213811773886,34.310474137342474,34.74405288696289,34300,0.0,0
2019-03-01,34.75368788963955,34.75368788963955,32.780425758595584,34.32974624633789,46400,0.0,0
2019-03-04,34.46463648159256,34.90784869924224,34.29120497460155,34.44536590576172,26800,0.0,0
2019-03-05,34.49353924205504,34.62842959243536,34.05996049048518,34.48390579223633,22900,0.0,0
2019-03-06,34.455003064916625,34.71515035340725,32.624342269759985,32.92302703857422,46200,0.0,0
2019-03-07,33.115722814698465,33.713099589159604,32.72068523183801,32.913387298583984,25700,0.0,0
2019-03-08,32.79777144637205,33.17353849989406,32.62433993313318,32.739959716796875,18600,0.0,0
2019-03-11,32.90374992265485,33.41440721442925,32.31601034318618,33.17353057861328,19000,0.0,0
2019-03-12,33.16389733081845,33.52039743984049,32.76885974893112,33.144630432128906,14600,0.0,0
2019-03-13,33.183162621213455,33.65528242462778,33.01936828003001,33.35659408569336,30300,0.0,0
2019-03-14,33.34696453974099,33.424043157703295,32.894115254447,33.18316650390625,19000,0.0,0
2019-03-15,33.13498922771031,33.56856790456683,32.97119488061215,33.54929733276367,87000,0.0,0
2019-03-18,33.41441313394987,34.02142339287684,33.26988565666226,33.93470764160156,93700,0.0,0
2019-03-19,34.021418287024915,34.09849690132049,33.21496155364723,33.91543197631836,55900,0.0,0
2019-03-20,33.91543410369652,33.91543410369652,32.373821290741255,32.489444732666016,48100,0.0,0
2019-03-21,32.31601854400459,32.76886423492668,31.988426089142493,32.16185760498047,43800,0.0,0
2019-03-22,31.98842115002185,31.98842115002185,30.523890617677807,30.832212448120117,62500,0.0,0
2019-03-25,30.82257822626583,31.540391505734398,30.639511443961236,31.140535354614258,27300,0.0,0
2019-03-26,31.516303430260255,32.48944726033027,31.01527950273182,32.4123649597168,47000,0.0,0
2019-03-27,32.42200469970703,32.62434024190516,31.94988475909137,32.42200469970703,37500,0.0,0
2019-03-28,32.41235852766227,32.74958801269531,32.04622502337821,32.74958801269531,17900,0.0,0
2019-03-29,32.75922515374462,33.019372382788575,32.13294437914037,32.80739974975586,36100,0.0,0
2019-04-01,32.93265716477212,33.66492059208008,32.6243353348018,33.0338249206543,32600,0.0,0
2019-04-02,33.04827756125017,33.33732882291398,32.157034639667486,33.144630432128906,37500,0.0,0
2019-04-03,33.43368420089185,33.43368420089185,32.807403357418686,33.21207809448242,31200,0.0,0
2019-04-04,33.221712453319476,33.79018158548056,32.84112684424255,33.578208923339844,47400,0.0,0
2019-04-05,33.58784589799763,34.0888698491294,32.966383603098215,33.9539794921875,40400,0.0,0
2019-04-08,33.915434861085195,33.915434861085195,33.086818552883834,33.34696578979492,26000,0.0,0
2019-04-09,33.192804022410314,33.40477298093779,32.460536927901295,32.605064392089844,36800,0.0,0
2019-04-10,32.643604236850535,33.337326481013434,32.017323484335776,32.73031997680664,82400,0.0,0
2019-04-11,32.82666882118627,33.279518089039904,32.075134866438454,33.16389465332031,46300,0.0,0
2019-04-12,33.414406990277705,33.72272878801498,32.807396842957424,33.693824768066406,59100,0.0,0
2019-04-15,33.73236256105702,33.96360574933004,33.04827379545661,33.05791091918945,22800,0.0,0
2019-04-16,33.10608917414347,33.5444827898598,32.614698723004686,33.260250091552734,37800,0.0,0
2019-04-17,33.1446265797051,33.29878747970665,32.11463784906508,33.23134231567383,31800,0.0,0
2019-04-18,33.24098465779536,33.953981308249205,33.1349983215332,33.1349983215332,50200,0.0,0
2019-04-22,32.66287856493198,33.41441261396499,32.566525689744175,32.817039489746094,26000,0.0,0
2019-04-23,32.6725067559896,33.53002699196608,32.34491438405059,33.23134231567383,27100,0.0,0
2019-04-24,33.22171038334734,33.428864469672114,32.52798438719252,33.077186584472656,18600,0.0,0
2019-04-25,33.17353670752881,33.75163927009908,31.352509592397354,33.44331741333008,53500,0.0,0
2019-04-26,33.558941974848445,33.867263841802824,32.66288040042273,33.72273635864258,35700,0.0,0
2019-04-29,33.72273000734291,34.13703812718628,33.28915131500847,33.742000579833984,36800,0.0,0
2019-04-30,33.770908519452426,33.98769972851807,32.79776838639265,33.568572998046875,44100,0.0,0
2019-05-01,33.3855059451664,33.72273179290097,32.76885861925933,32.865211486816406,18800,0.0,0
2019-05-02,33.19281139574456,33.289160609615536,32.51835587218701,33.1253662109375,12500,0.0,0
2019-05-03,33.2602461806889,33.4914856918697,32.735133205470525,33.3758659362793,35900,0.0,0
2019-05-06,32.956749282116206,33.70346478845593,32.95193071935657,33.32769775390625,18700,0.0,0
2019-05-07,33.12535607902354,33.19280124320143,32.460534210004596,32.85557174682617,30400,0.0,0
2019-05-08,32.94229386422773,33.2024411230866,32.82571110799008,32.89411926269531,22100,0.0,0
2019-05-09,32.80739731108124,32.93265419178857,32.4798049368753,32.7110481262207,10100,0.0,0
2019-05-10,32.65323621671208,32.95192456878885,32.43933764614099,32.94228744506836,17600,0.0,0
2019-05-13,32.48944081297919,32.91338235576528,31.545204870760863,32.74958801269531,36800,0.0,0
2019-05-14,32.62433223835617,33.33732502418354,32.61469511462332,33.05791091918945,24300,0.0,0
2019-05-15,32.96155693505441,33.36623158185831,32.4412625358004,32.54724884033203,29300,0.0,0
2019-05-16,32.656239834375015,32.66588270442948,32.07371261954383,32.40066146850586,14400,0.033,0
2019-05-17,32.08720984065113,32.66587760976146,32.077563293020646,32.65623474121094,23800,0.0,0
2019-05-20,32.42476758883841,32.733390910159635,31.67249870300293,31.67249870300293,14800,0.0,0
2019-05-21,31.82681508846781,32.95521858473655,31.407278474196215,32.94557571411133,37400,0.0,0
2019-05-22,32.887707846382796,32.887707846382796,32.135438839874816,32.357261657714844,14700,0.0,0
2019-05-23,32.11614389521263,32.56268489066462,31.551942237376498,32.08721160888672,17700,0.0,0
2019-05-24,31.78822867758864,32.53567790132738,31.78822867758864,31.98111915588379,14600,0.0,0
2019-05-28,31.923257999533355,32.63695182402863,31.923257999533355,32.04863739013672,30600,0.0,0
2019-05-29,32.019706806356474,32.58873185055642,31.81717340394994,32.36690902709961,39300,0.0,0
2019-05-30,32.202943826912765,32.89734811830067,32.018735966183414,32.86841583251953,36400,0.0,0
2019-05-31,32.42476628933756,32.79125784837356,31.875030790323585,32.17401123046875,44900,0.0,0
2019-06-03,32.048637267940414,32.58872998925811,31.78823561725585,32.096858978271484,27600,0.0,0
2019-06-04,32.260810964914825,32.42476548412675,31.607877286753542,32.212589263916016,44900,0.0,0
2019-06-05,32.125794010232795,32.74304071425144,32.034170187921085,32.57908248901367,28700,0.0,0
2019-06-06,32.49227557204651,32.49227557204651,31.87502898902312,32.34761047363281,19900,0.0,0
2019-06-07,32.530856934897095,32.55978922101546,31.947365864002663,32.18365478515625,17300,0.0,0
2019-06-10,32.289740589543676,33.19632100250544,32.289740589543676,32.820186614990234,386600,0.0,0
2019-06-11,32.71410059074539,33.22043766783938,32.18365450179174,32.771968841552734,66700,0.0,0
2019-06-12,32.815371771650874,33.02272841005593,32.32832409928918,32.7816162109375,39800,0.0,0
2019-06-13,32.6948184228018,32.94557351218644,32.472991943359375,32.472991943359375,21500,0.0,0
2019-06-14,32.42477152695064,32.72857529011325,32.17401642757705,32.24152755737305,24900,0.0,0
2019-06-17,32.318675790751094,32.694813891316244,32.280100637094144,32.46334457397461,30400,0.0,0
2019-06-18,32.3765422293461,32.665876100533474,32.25116286950232,32.63694381713867,24400,0.0,0
2019-06-19,32.51157928986615,33.273494985558486,32.47300044168595,33.17705154418945,43600,0.0,0
2019-06-20,33.16739352207888,33.16739352207888,32.32350082516436,32.7816162109375,45000,0.0,0
2019-06-21,32.5790760586456,33.04683426895131,32.39583212927092,32.791255950927734,76300,0.0,0
2019-06-24,32.752685744080054,32.984155112890164,31.672503940821425,31.913616180419922,63000,0.0,0
2019-06-25,31.759305424100166,32.26081933863823,31.46611210805008,31.82681655883789,56200,0.0,0
2019-06-26,31.85574972096448,32.0004185445418,31.306014077900283,31.39281463623047,34500,0.0,0
2019-06-27,31.334946642754982,31.817171096801758,31.334946642754982,31.817171096801758,51100,0.0,0
2019-06-28,31.84610598006023,32.26081933863823,31.643572575847045,31.82681655883789,490600,0.0,0
2019-07-01,31.846103769498665,32.29939593905657,31.67250266962886,32.19330596923828,167800,0.0,0
2019-07-02,32.02934364791346,33.14810410465978,32.02934364791346,32.7816162109375,85600,0.0,0
2019-07-03,32.8009043646933,33.678552686950106,32.52121698922104,33.456729888916016,111700,0.0,0
2019-07-05,33.34099820678491,33.76535439867369,33.28312994826711,33.66891098022461,34400,0.0,0
2019-07-08,33.485666317144805,33.755710826450645,33.254196966968,33.61104202270508,54600,0.0,0
2019-07-09,33.33134854988234,33.53870516849994,31.826807246488684,32.791255950927734,86400,0.0,0
2019-07-10,32.85877446624815,33.10953324616201,32.33797116557844,32.8877067565918,34900,0.0,0
2019-07-11,32.887699573595064,33.109526014716195,32.31771076801617,32.6948127746582,55500,0.0,0
2019-07-12,32.63694879703516,33.30241717021434,32.63694879703516,33.196327209472656,50800,0.0,0
2019-07-15,33.29277779764237,33.49531119174272,32.637916144303844,32.993797302246094,87300,0.0,0
2019-07-16,33.119174134705176,33.27348580577162,32.656239121505834,32.71410369873047,39100,0.0,0
2019-07-17,32.68517386930128,32.83948555197791,32.25117111206055,32.25117111206055,62500,0.0,0
2019-07-18,32.25117059458244,33.56282171582835,32.25117059458244,33.28313064575195,44400,0.0,0
2019-07-19,33.080599246138185,33.466380309396826,32.78644201319667,33.109535217285156,36700,0.0,0
2019-07-22,33.109533947386026,33.34099963319876,32.675531187636224,32.94557571411133,20800,0.0,0
2019-07-23,32.945574317496536,33.46155433247011,32.72375151171244,33.27348709106445,43200,0.0,0
2019-07-24,33.26384307564926,34.469404160632365,33.24455365679987,34.29580307006836,101000,0.0,0
2019-07-25,32.76232397812407,33.32170231888758,32.37654302105417,32.598365783691406,89100,0.0,0
2019-07-26,32.472994590448465,32.9455761977988,32.278176225048256,32.704463958740234,84100,0.0,0
2019-07-29,32.704458895872044,33.177040430063606,32.59836893845678,32.98414993286133,108200,0.0,0
2019-07-30,32.83949098498108,33.88109777468347,32.565587059075966,33.707496643066406,48900,0.0,0
2019-07-31,33.63998275554082,34.57549580060162,32.30904208144603,33.572471618652344,1584500,0.0,0
2019-08-01,33.639976475409824,34.135703118920325,32.63019768920278,32.84912872314453,60500,0.0,0
2019-08-02,32.63695074717063,33.26384400042238,32.3186808459282,32.57908248901367,80700,0.0,0
2019-08-05,32.13543509291983,32.13543509291983,31.354230207116277,31.74001121520996,71200,0.0,0
2019-08-06,31.83645955551753,32.30904117962709,31.224036065385878,31.778594970703125,77900,0.0,0
2019-08-07,31.479611151021498,32.26081607564785,31.050431689705935,31.14205551147461,66300,0.0,0
2019-08-08,31.296364937232084,32.067923257229054,31.296364937232084,31.68214225769043,65900,0.0,0
2019-08-09,31.624283154624706,32.21259762512284,31.576061441109317,31.82681655883789,34100,0.0,0
2019-08-12,31.643566416341628,32.12579081579107,31.383164799149302,31.67249870300293,29100,0.0,0
2019-08-13,31.585699396132537,32.415125984195285,31.585699396132537,32.05828094482422,32500,0.0,0
2019-08-14,31.6435686636942,32.01970313332532,31.24814477522553,31.479610443115234,25900,0.0,0
2019-08-15,31.45349637304634,31.772671996186062,30.757107828606205,30.99890899658203,55000,0.093,0
2019-08-16,31.085955524521324,31.501853801312524,30.89251570971368,31.34710121154785,47500,0.0,0
2019-08-19,31.62759298298209,31.917753641807202,31.221365108952572,31.376117706298828,60700,0.0,0
2019-08-20,31.260058127117013,31.917757671268195,30.786128007313184,31.037601470947266,26600,0.0,0
2019-08-21,31.182680595905186,31.743657393323026,31.09563202687222,31.472841262817383,35200,0.0,0
2019-08-22,31.55989008006997,32.10152234534121,31.308414794399962,31.443822860717773,33100,0.0,0
2019-08-23,31.30841070004168,31.762998025739734,30.69907263650119,31.134313583374023,167200,0.0,0
2019-08-26,31.405141396198587,31.76300614320927,31.114977001201957,31.59857940673828,52800,0.0,0
2019-08-27,31.646938584812865,31.908084293429518,30.48629222082543,30.621700286865234,64300,0.0,0
2019-08-28,30.573339730538198,31.443821706158666,30.50563569986526,30.882844924926758,39400,0.0,0
2019-08-29,30.544322118440242,31.047267123613473,30.089736606811762,30.786123275756836,50700,0.0,0
2019-08-30,31.056944682757276,31.173008218063895,30.786126692380776,30.989240646362305,49700,0.0,0
2019-09-03,30.96021959864333,30.989238247418537,30.29284971030123,30.360553741455078,41200,0.0,0
2019-09-04,30.641041537637587,30.781286645166432,29.83826180615008,30.408912658691406,38100,0.0,0
2019-09-05,30.74744055783975,31.55021859923986,30.476622557813144,30.892520904541016,66300,0.0,0
2019-09-06,31.00858601704186,31.434154784329948,30.558833810054878,30.911863327026367,31700,0.0,0
2019-09-09,31.04726541167225,33.798963610876605,31.04726541167225,32.952659606933594,292700,0.0,0
2019-09-10,32.81726078121518,33.64905754066308,32.78824581645099,33.136436462402344,114100,0.0,0
2019-09-11,33.310531035624685,34.084297805275675,32.797913686885295,34.02626419067383,99800,0.0,0
2019-09-12,33.900523313296276,34.596911863919686,33.65872214317349,33.977901458740234,180700,0.0,0
2019-09-13,34.132654060035094,34.567896904174724,33.81831180095686,33.977901458740234,139100,0.0,0
2019-09-16,33.881178817542356,34.09396502817521,33.56200319118612,33.96822738647461,135400,0.0,0
2019-09-17,33.92953893160554,34.035928337697314,33.40531052911766,33.910194396972656,128200,0.0,0
2019-09-18,33.91986502446697,34.15682911836448,33.532981708656855,33.89085006713867,142900,0.0,0
2019-09-19,33.948880804740845,34.05527390364731,33.74576871933368,33.813472747802734,111200,0.0,0
2019-09-20,33.75544734210533,34.34543914194216,32.75922393798828,32.75922393798828,878300,0.0,0
2019-09-23,32.93331919467825,33.997246575125935,32.198245248384865,33.929542541503906,98300,0.0,0
2019-09-24,33.852163440716,33.96822696799813,32.72053574813099,33.01069641113281,58600,0.0,0
2019-09-25,33.06873162883992,33.80380936179769,32.87529361557129,33.532989501953125,51400,0.0,0
2019-09-26,33.38790281878187,33.61035943125922,32.83659649881783,32.913970947265625,32200,0.0,0
2019-09-27,32.97200995503663,33.4265973665514,32.59673404113502,32.778568267822266,32400,0.0,0
2019-09-30,32.71086598138404,32.9478301238672,32.36267166368189,32.63349151611328,65000,0.0,0
2019-10-01,32.73020352138159,33.01069373839689,31.879062447842262,31.898406982421875,78300,0.0,0
2019-10-02,31.73398403336925,31.859717973987305,31.202018555397796,31.72430992126465,56900,0.0,0
2019-10-03,31.550213293815336,31.62759143349406,30.73776311994901,31.34710121154785,40500,0.0,0
2019-10-04,31.260055051938345,31.64210134438341,30.99890934483945,31.472841262817383,21500,0.0,0
2019-10-07,31.327761112060184,31.966116096417817,31.10530446337727,31.289072036743164,40700,0.0,0
2019-10-08,31.05694408029172,31.197189207130222,30.766781558060696,30.8731746673584,31100,0.0,0
2019-10-09,30.97956241269147,31.14398911463505,30.728090838039428,30.844154357910156,34400,0.0,0
2019-10-10,30.93120360118751,31.047267123613473,30.53464985077201,30.786123275756836,34500,0.0,0
2019-10-11,30.9408806241962,31.472844358928697,30.57334362029821,31.037601470947266,46400,0.0,0
2019-10-14,30.92153455810431,31.32195688838499,30.64104614566108,31.00858497619629,16500,0.0,0
2019-10-15,31.095636151822827,32.27562351240784,31.008587571242547,31.59857940673828,46100,0.0,0
2019-10-16,31.550217704470704,32.13054276441105,31.44382459233531,31.79201889038086,21900,0.0,0
2019-10-17,31.869393560231913,32.04349069024051,31.57923290674855,31.92742347717285,20900,0.0,0
2019-10-18,31.763007152244537,32.27562453772774,31.763007152244537,32.16923141479492,46500,0.0,0
2019-10-21,32.45938976363243,32.8801214299863,32.30463716539789,32.362667083740234,36400,0.0,0
2019-10-22,32.24660328967878,32.488404453011825,31.91775355996212,32.05316162109375,33900,0.0,0
2019-10-23,31.995128601134667,32.323974609375,31.966109955425008,32.323974609375,16100,0.0,0
2019-10-24,32.87528381563437,33.52330908401753,32.30946635775045,33.068721771240234,67100,0.0,0
2019-10-25,33.41692753690924,34.239053890567206,33.03004780247647,33.72643280029297,76000,0.0,0
2019-10-28,33.765115248362406,34.23904716522401,33.523314078239615,33.977901458740234,89500,0.0,0
2019-10-29,33.82315550109649,33.99725267294906,33.56200974331764,33.72643280029297,31200,0.0,0
2019-10-30,33.65873014358695,33.8425014379008,33.50397750550861,33.61037063598633,24100,0.0,0
2019-10-31,33.503976318983916,34.2390540910191,33.05615925114662,34.03593826293945,90200,0.0,0
2019-11-01,34.03592796689299,34.21002508709952,33.66839288165048,33.939208984375,37600,0.0,0
2019-11-04,34.045612377873326,34.31642856252113,33.77479250363172,34.03593826293945,41500,0.0,0
2019-11-05,34.1616694849152,34.4324856184703,33.74577117147381,34.268062591552734,64600,0.0,0
2019-11-06,34.12298458490637,34.316426285214966,33.958561537879866,34.239051818847656,41500,0.0,0
2019-11-07,34.36478141871282,34.71297569707974,34.151998896060995,34.277732849121094,35800,0.0,0
2019-11-08,34.190679496499605,34.52920330404066,34.12297547290991,34.364776611328125,20500,0.0,0
2019-11-11,34.210030055575295,34.52920938550733,33.93921391351894,34.50019073486328,16200,0.0,0
2019-11-12,34.49051175333458,34.52920081819839,34.074613530029374,34.24871063232422,39900,0.0,0
2019-11-13,34.103633978686645,34.23904572752763,33.72642475946898,33.765113830566406,23600,0.0,0
2019-11-14,33.60316065675912,34.06380854520685,33.54497203633963,33.797115325927734,20000,0.093,0
2019-11-15,34.039563241472194,34.039563241472194,33.45769182003353,33.75832748413086,29000,0.0,0
2019-11-18,33.67104701105995,34.13654489653494,33.67104701105995,33.96198272705078,26300,0.0,0
2019-11-19,34.00077716032463,34.330505311203254,33.8165150263507,34.282012939453125,33700,0.0,0
2019-11-20,34.19472885131836,34.62143800883458,33.971678018729534,34.19472885131836,57000,0.0,0
2019-11-21,34.04926381179286,34.18503356595869,33.59346218042327,33.96198272705078,55800,0.0,0
2019-11-22,34.15593802735436,34.15593802735436,33.79711376715592,33.923187255859375,11900,0.0,0
2019-11-25,33.95228596341592,34.87358556681936,33.91349724390161,34.78630447387695,39200,0.0,0
2019-11-26,34.77660368491022,34.91237343413124,34.36929073779895,34.679622650146484,29900,0.0,0
2019-11-27,34.74751281738281,34.94631747372932,34.61173936248836,34.74751281738281,25400,0.0,0
2019-11-29,34.68932341373833,34.96571289523745,33.961982283535555,34.592342376708984,22600,0.0,0
2019-12-02,34.44687667198888,34.669927509937196,34.088056080458834,34.204429626464844,22300,0.0,0
2019-12-03,34.21897450021065,34.21897450021065,33.51587957585397,33.797115325927734,18100,0.0,0
2019-12-04,33.96198044159531,34.39838583593803,33.7437758946999,33.98137664794922,24900,0.0,0
2019-12-05,33.43829597282831,34.49536523606931,33.43829597282831,34.30140686035156,18300,0.0,0
2019-12-06,34.59233606577843,35.339073267154404,34.59233606577843,35.242095947265625,43600,0.0,0
2019-12-09,35.154824120406865,35.213012747304205,34.74751483047127,35.067543029785156,42500,0.0,0
2019-12-10,35.09663382101383,35.39726949648403,34.912375393792466,35.3875732421875,23800,0.0,0
2019-12-11,35.3778702308197,35.39726643718481,34.999653455320384,35.348777770996094,18200,0.0,0
2019-12-12,35.775482951154274,36.32341560348069,35.436058590866466,35.83367156982422,66500,0.0,0
2019-12-13,35.81428205169585,36.124614010325296,35.39727278864089,36.11491775512695,39900,0.0,0
2019-12-16,36.1246117164793,36.43494365540324,35.862768449365625,36.037330627441406,59400,0.0,0
2019-12-17,36.02763346040784,36.386454062054405,35.6610514159535,36.31856918334961,55100,0.0,0
2019-12-18,36.40584863499045,36.58041080080465,35.91998529660528,36.396148681640625,36000,0.0,0
2019-12-19,36.561022065037726,36.68709558821155,36.36706365233547,36.63860321044922,44900,0.0,0
2019-12-20,36.73557805096942,36.98772135520611,36.55131592532684,36.851951599121094,137900,0.0,0
2019-12-23,36.7549705802261,36.7549705802261,36.386450065273266,36.609500885009766,29500,0.0,0
2019-12-24,36.57070936071508,36.57070936071508,36.22158504327992,36.32826232910156,15500,0.0,0
2019-12-26,36.367051789982895,36.367051789982895,35.88215776611646,36.047019958496094,36000,0.0,0
2019-12-27,35.891857212597536,36.03732691248091,35.4651517654268,35.94034957885742,29600,0.0,0
2019-12-30,36.11491145690639,36.36705474202728,36.11491145690639,36.32826232910156,17800,0.0,0
2019-12-31,36.32826065156647,36.85194710353687,36.01792876138726,36.696781158447266,38400,0.0,0
2020-01-02,36.59980957889638,36.59980957889638,35.74639489713128,36.037330627441406,33700,0.0,0
2020-01-03,35.659116130464675,36.0179367645678,35.41666905617497,35.96944808959961,25800,0.0,0
2020-01-06,35.562132221651716,36.192496043899105,35.445758671195506,35.785186767578125,39900,0.0,0
2020-01-07,35.73669645652883,36.250686757940734,35.73669645652883,36.05672836303711,26300,0.0,0
2020-01-08,36.076116115552594,36.337959332374204,35.75608428406579,36.047019958496094,38100,0.0,0
2020-01-09,35.988841846339085,36.22158895010096,35.988841846339085,36.134307861328125,39100,0.0,0
2020-01-10,36.02762978573893,36.27007681336988,35.88216008938114,35.9791374206543,54800,0.0,0
2020-01-13,35.979141143585785,36.39615037021678,34.91237559140555,36.27008056640625,46600,0.0,0
2020-01-14,36.11490728783895,36.11490728783895,35.35847012090239,35.44575119018555,48900,0.0,0
2020-01-15,35.3778747549881,35.678510442920775,34.96086551343088,35.35847854614258,40800,0.0,0
2020-01-16,35.65911391177653,35.930653434262375,35.591229031155066,35.8433723449707,23200,0.0,0
2020-01-17,36.12460500664737,36.12460500664737,35.51363749686405,35.56212615966797,26100,0.0,0
2020-01-21,35.05784600877417,35.34878173800475,34.902680039887954,35.00935363769531,38500,0.0,0
2020-01-22,35.25179678834827,35.300289154052734,34.770783447946144,35.300289154052734,35100,0.0,0
2020-01-23,34.06866118533583,34.75720993328197,32.01270749648615,34.51476287841797,51500,0.0,0
2020-01-24,34.340198554916746,34.42747963718614,33.903793143569814,34.19472885131836,42300,0.0,0
2020-01-27,33.690445168518536,34.66992966557892,33.690445168518536,34.42748260498047,30400,0.0,0
2020-01-28,34.63113719248007,34.888130484390544,34.42748254977161,34.47597122192383,32300,0.0,0
2020-01-29,34.47596516947593,34.737808392468146,34.42747650583616,34.44687271118164,40300,0.0,0
2020-01-30,34.42747870634963,34.66992573949294,34.20442787979157,34.621437072753906,28900,0.0,0
2020-01-31,34.43717831087627,34.66023285858711,34.097753911226725,34.17533874511719,60300,0.0,0
2020-02-03,34.33050292854924,34.54385381175855,34.23352189122836,34.495365142822266,22400,0.0,0
2020-02-04,34.873584257562726,34.912376675069346,34.50506738959551,34.57295227050781,21100,0.0,0
2020-02-05,34.90268133855265,35.571833910625784,34.84449271076203,35.31968688964844,25000,0.0,0
2020-02-06,35.39726668682728,35.39726668682728,34.6796218440495,34.766902923583984,21800,0.0,0
2020-02-07,34.74751357014049,34.84449091200332,34.41778542857902,34.61174011230469,17400,0.0,0
2020-02-10,34.38868916696453,34.87358327377265,34.38868916696453,34.80569839477539,15500,0.0,0
2020-02-11,34.86389307260281,35.21301748203279,34.56325734238275,34.83479690551758,23300,0.0,0
2020-02-12,34.960866774726775,35.29059493809916,34.57295368216724,34.689327239990234,9700,0.0,0
2020-02-13,34.643632568709265,35.02283535153186,34.29359808945994,34.974220275878906,12800,0.093,0
2020-02-14,34.9839412733042,35.22702035695064,34.34707526106012,34.478336334228516,18400,0.0,0
2020-02-18,34.419989415832866,34.67278995508609,34.14093221890143,34.31303405761719,7100,0.0,0
2020-02-19,34.371373920314824,34.57556312776285,33.90271905612199,34.08940505981445,22300,0.0,0
2020-02-20,34.07968570300223,34.595015866148074,33.84633186720501,34.37137985229492,19100,0.0,0
2020-02-21,34.449162075154426,34.77488710074357,34.249835480661716,34.604732513427734,18100,0.0,0
2020-02-24,33.95327980161712,34.85753416109484,33.70047922252608,34.16719055175781,38300,0.0,0
2020-02-25,34.17690778217874,34.27413789540872,32.4753548370166,32.66981506347656,40400,0.0,0
2020-02-26,32.844839899385065,33.13653772532908,31.026609652218237,31.853076934814453,39800,0.0,0
2020-02-27,31.609996780501515,32.446189272902735,29.976507186889645,29.97650718688965,30100,0.0,0
2020-02-28,29.3736714144533,31.357197346060595,28.33329338062919,29.402841567993164,56000,0.0,0
2020-03-02,29.237545891260385,30.59392734507247,28.87778995975101,30.355709075927734,40000,0.0,0
2020-03-03,30.355708208011595,30.822421349058686,28.459692911145424,29.577856063842773,116700,0.0,0
2020-03-04,29.84038405644027,30.04456956387325,29.359086731776067,29.655643463134766,109000,0.0,0
2020-03-05,29.529241164825784,29.529241164825784,27.95408824592482,28.430522918701172,55800,0.0,0
2020-03-06,27.555440106304125,27.847134212311527,26.495615344173512,27.662395477294922,32700,0.0,0
2020-03-09,25.931671909256277,27.076088067371778,24.50722859484896,24.87184715270996,60600,0.0,0
2020-03-10,25.338559877541556,25.805273067137374,21.838221155575873,24.171781539916992,116300,0.0,0
2020-03-11,23.500879068514955,24.434301588947825,23.423093858478882,23.831466674804688,44400,0.0,0
2020-03-12,22.421612950759716,23.335590775402565,21.361788054679824,21.711822509765625,89900,0.0,0
2020-03-13,22.732752937254116,23.52033042907715,22.295211740787373,23.52033042907715,108800,0.0,0
2020-03-16,21.39095462214611,24.249564531833013,20.09777425780729,20.564485549926758,79000,0.0,0
2020-03-17,20.671442570480785,22.411887598722906,20.272793078079953,20.41864013671875,215600,0.0,0
2020-03-18,19.329647165810066,20.04916285749578,16.811349663094703,18.64902687072754,57600,0.0,0
2020-03-19,18.53234268265659,22.27575970243392,16.213368769838212,21.429845809936523,107200,0.0,0
2020-03-20,21.439570448352274,21.439570448352274,18.25037465096415,18.619853973388672,92100,0.0,0
2020-03-23,18.71708652049763,19.806081461326798,17.35584423537063,18.639301300048828,64300,0.0,0
2020-03-24,19.183797294378078,19.796357510615895,18.872656421484024,18.96016502380371,122200,0.0,0
2020-03-25,18.629574192569027,19.66995200360781,18.629574192569027,19.047670364379883,60000,0.0,0
2020-03-26,19.21296667001889,19.864418541761815,19.111845704961357,19.747739791870117,81400,0.0,0
2020-03-27,18.9504391624707,19.932478573259708,18.55178973936916,18.736530303955078,33900,0.0,0
2020-03-30,18.843488693237305,19.43660221758138,18.47400932278196,18.843488693237305,111600,0.0,0
2020-03-31,18.755979032249243,20.6276868401188,18.522621529118982,19.689401626586914,96400,0.0,0
2020-04-01,18.87265806570943,20.394333500233454,18.619855620821866,18.814319610595703,67200,0.0,0
2020-04-02,18.77542443506816,19.465769869529492,18.717085985037,18.96016502380371,110500,0.0,0
2020-04-03,19.02822416016954,20.126942298167997,18.6490215069103,19.06711769104004,43500,0.0,0
2020-04-06,19.446323666235646,21.75071383668478,18.833765286749436,19.52410888671875,83800,0.0,0
2020-04-07,19.446319291117415,20.17555626453432,18.979608073221524,19.368534088134766,55900,0.0,0
2020-04-08,19.446322361493387,20.044296551563807,19.21296671570096,19.883865356445312,52400,0.0,0
2020-04-09,19.689402216284943,21.42984903077068,19.689402216284943,21.206214904785156,83900,0.0,0
2020-04-13,20.992305199590618,21.390954660814863,20.068604142873465,20.904796600341797,53700,0.0,0
2020-04-14,20.904797697283886,20.91938184640869,20.335993626865413,20.60338020324707,50500,0.0,0
2020-04-15,19.835248396241017,20.690887616899033,19.60189275093769,19.611616134643555,62300,0.0,0
2020-04-16,19.4852171615291,19.4852171615291,17.16138022735805,17.95867919921875,74000,0.0,0
2020-04-17,18.503176647488235,20.35057692617015,18.503176647488235,20.029712677001953,71300,0.0,0
2020-04-20,19.436601375512335,21.12843140712492,18.610132202284507,19.018505096435547,44300,0.0,0
2020-04-21,18.29899001729739,20.44294709733577,18.29899001729739,18.901826858520508,30900,0.0,0
2020-04-22,19.25186132066708,19.67968099688411,18.86293518526346,19.106014251708984,36900,0.0,0
2020-04-23,19.10601157785295,20.272791675320878,18.86293254542595,19.689401626586914,65800,0.0,0
2020-04-24,19.49493540334177,19.49493540334177,18.81431530401867,19.06711769104004,26200,0.0,0
2020-04-27,19.32964294016953,21.283998492186903,19.32964294016953,20.943689346313477,47700,0.0,0
2020-04-28,21.390958539129844,21.390958539129844,20.681168087240703,21.2451114654541,74000,0.0,0
2020-04-29,21.390954564110256,23.5932499746424,21.216909148411197,22.800813674926758,92900,0.0,0
2020-04-30,22.081298858756487,22.31465636657127,21.33261683330679,21.672927856445312,50800,0.0,0
2020-05-01,21.196490701187308,21.196490701187308,19.913033717879436,20.768672943115234,64100,0.0,0
2020-05-04,20.574207866629447,21.162458643139175,20.15611166033469,20.66171646118164,50300,0.0,0
2020-05-05,21.089536779188986,21.089536779188986,19.397706983649922,19.465768814086914,34400,0.0,0
2020-05-06,19.601893516949623,19.66995535100462,18.18231282224289,18.55179214477539,54600,0.0,0
2020-05-07,18.707364519844752,19.67968077464674,18.260099932817955,18.7559814453125,45100,0.0,0
2020-05-08,19.31019923163926,20.91452049985418,19.31019923163926,20.03943634033203,58900,0.0,0
2020-05-11,19.689404672964983,20.32140988415093,18.590688092399827,18.843488693237305,59200,0.0,0
2020-05-12,18.969890995120277,18.969890995120277,17.579478407015042,17.686433792114258,49300,0.0,0
2020-05-13,17.65726394013044,18.347609480641527,16.859964867223184,17.355846405029297,76000,0.0,0
2020-05-14,16.89939559890194,16.89939559890194,15.61898898987346,16.840749740600586,126900,0.093,0
2020-05-15,16.811429209101103,18.023415688565187,16.635495357132942,17.749740600585938,50700,0.0,0
2020-05-18,18.59030999610189,19.401558971237336,18.072282823349376,19.303817749023438,87100,0.0,0
2020-05-19,19.069244233536253,19.069244233536253,17.642226541705043,17.78883934020996,41600,0.0,0
2020-05-20,18.082057307889993,19.108335490472133,18.00386470221001,19.020368576049805,72700,0.0,0
2020-05-21,19.000820561654052,19.147431454540452,18.526776872538,18.6098575592041,45400,0.0,0
2020-05-22,18.805338281888982,19.00082071683985,17.818155527478567,18.150474548339844,93700,0.0,0
2020-05-26,18.815114918227607,20.906768655431364,18.463247237479727,19.78274917602539,116500,0.0,0
2020-05-27,20.50603137029891,22.17251290913248,20.35942045751398,22.050336837768555,64100,0.0,0
2020-05-28,22.23604484362628,22.23604484362628,20.378968943823555,20.662416458129883,53000,0.0,0
2020-05-29,20.408289200580775,21.40524634442395,19.870715257037652,20.388742446899414,117200,0.0,0
2020-06-01,20.60377209859555,20.60377209859555,19.479752642266067,19.557945251464844,56900,0.0,0
2020-06-02,19.90981447096901,20.051537304468486,18.95195260358327,19.33314323425293,98000,0.0,0
2020-06-03,19.909813982552954,20.486483340863515,19.333142759983442,19.900039672851562,123600,0.0,0
2020-06-04,19.743651358191443,21.180441102917598,19.743651358191443,21.160892486572266,80300,0.0,0
2020-06-05,22.539037947506063,23.311191504575007,22.089430963080076,22.51949119567871,101000,0.0,0
2020-06-08,22.773618898069394,23.05218019092333,22.382655843560265,22.930004119873047,61100,0.0,0
2020-06-09,22.333785163113845,23.184129535650925,21.97214318868693,22.49994468688965,49500,0.0,0
2020-06-10,22.47062336896325,22.47062336896325,20.867673870180923,20.95564079284668,50300,0.0,0
2020-06-11,20.47671043587069,20.47671043587069,19.582380692983314,19.851167678833008,94700,0.0,0
2020-06-12,20.85789786461718,20.85789786461718,19.0985632828672,19.880489349365234,71700,0.0,0
2020-06-15,19.000823009789297,21.600729641386216,19.000823009789297,21.366151809692383,123800,0.0,0
2020-06-16,22.27514380346917,22.861587496141578,21.287960853224032,21.385700225830078,78800,0.0,0
2020-06-17,21.385695053352524,21.385695053352524,20.173708856437564,20.447383880615234,52800,0.0,0
2020-06-18,20.10529449160946,21.190218628122683,20.10529449160946,21.043607711791992,99400,0.0,0
2020-06-19,21.34660407445347,21.34660407445347,20.525580697416107,20.76015853881836,108400,0.0,0
2020-06-22,20.603769941997182,21.361261113872196,20.378966447113257,20.896991729736328,74100,0.0,0
2020-06-23,21.307505506525963,21.859741855697784,20.681964635133433,21.317279815673828,92200,0.0,0
2020-06-24,20.887221018821002,21.331941823536514,20.1834856870452,20.388742446899414,96500,0.0,0
2020-06-25,20.163937865518832,21.243975746136535,20.01732695369446,20.750383377075195,65600,0.0,0
2020-06-26,20.75038322149378,20.75038322149378,19.577494071433982,19.802297592163086,386300,0.0,0
2020-06-29,20.20303637105366,20.984962526036394,20.154166685464364,20.7210636138916,86200,0.0,0
2020-06-30,20.447385807047713,21.776661957920705,20.447385807047713,21.502986907958984,77600,0.0,0
2020-07-01,21.346604579248762,21.532312740514204,19.90004025759767,20.193262100219727,72500,0.0,0
2020-07-02,20.838348785664767,20.838348785664767,19.91958427967094,20.007551193237305,33500,0.0,0
2020-07-06,20.613545746339778,20.799253886325026,19.978230583953064,20.144390106201172,38900,0.0,0
2020-07-07,19.890264765671127,19.890264765671127,19.176756957232914,19.34291648864746,38000,0.0,0
2020-07-08,19.22562557500293,20.029055866931134,18.70759839064001,18.91285514831543,77400,0.0,0
2020-07-09,18.74669515504548,18.912854673080368,17.71064267661197,17.808382034301758,66200,0.0,0
2020-07-10,18.023416589482004,18.834665719684754,17.945223969616404,18.70760154724121,59300,0.0,0
2020-07-13,19.06923972321654,19.919584059271106,18.43881080438588,19.147432327270508,61900,0.0,0
2020-07-14,19.049690474679068,19.831618353558135,18.947063034808643,19.294042587280273,71600,0.0,0
2020-07-15,19.89026709701589,21.229315950431513,19.89026709701589,20.86767578125,132000,0.0,0
2020-07-16,20.906767319815536,21.01428285189969,20.134615570485877,20.515804290771484,43500,0.0,0
2020-07-17,20.378967253705564,20.603770757487133,19.8609400863205,19.939132690429688,44700,0.0,0
2020-07-20,19.724104118655763,19.86094071410744,19.440654754638672,19.440654754638672,20000,0.0,0
2020-07-21,19.71433024193996,20.799254313256398,19.71433024193996,20.633094787597656,35200,0.0,0
2020-07-22,20.281227761559396,20.457161601868805,19.812072096906906,20.310550689697266,46800,0.0,0
2020-07-23,20.44738742626991,21.805984746478682,20.44738742626991,21.610504150390625,70600,0.0,0
2020-07-24,21.766888922059625,22.324011498970993,21.766888922059625,21.91349983215332,50600,0.0,0
2020-07-27,21.893953025613282,22.59768843511829,21.502989944921065,22.529268264770508,55200,0.0,0
2020-07-28,22.411979216826232,22.930004575241238,22.094320680083538,22.714975357055664,41400,0.0,0
2020-07-29,22.627008799659986,23.604417403224208,22.5097208112173,23.467580795288086,80200,0.0,0
2020-07-30,22.978876476078728,23.956285078901683,22.656331711717513,23.819448471069336,102600,0.0,0
2020-07-31,23.7510283347752,23.917187872048498,23.08639204994098,23.20368003845215,116200,0.0,0
2020-08-03,23.22322459644668,24.014924905342976,22.431524287550385,22.51949119567871,59200,0.0,0
2020-08-04,22.480398212968815,22.57813944761613,21.737567439611812,21.95259666442871,36200,0.0,0
2020-08-05,22.30446244684205,23.10593714641345,21.942822333259258,23.008197784423828,47400,0.0,0
2020-08-06,22.90068389316283,23.369839575725447,22.539041889358963,23.20368003845215,37400,0.0,0
2020-08-07,23.174357822324414,24.35702323913574,22.802943361597787,24.357023239135742,36100,0.0,0
2020-08-10,24.435213738905695,25.047070954021343,23.848768236320186,24.376569747924805,74200,0.0,0
2020-08-11,24.92392064383593,25.471268967355087,24.210412774787507,24.229961395263672,81200,0.0,0
2020-08-12,24.796856133567953,24.904369808105344,24.11266939183342,24.425439834594727,36600,0.0,0
2020-08-13,24.222360808694663,24.29103467778559,23.663157164699882,23.869178771972656,15700,0.093,0
2020-08-14,23.594481231779145,24.389140807916664,23.594481231779145,24.222360610961914,32400,0.0,0
2020-08-17,24.07520484924316,24.349900355258608,23.780885829797306,24.075204849243164,39000,0.0,0
2020-08-18,23.957474520894817,23.957474520894817,22.85868699077671,23.19224739074707,31900,0.0,0
2020-08-19,23.231491355770054,23.800505842268155,23.06471115087116,23.398271560668945,27600,0.0,0
2020-08-20,22.946985448333262,23.260924248342473,22.68210075533977,22.91755485534668,19800,0.0,0
2020-08-21,22.85868594682759,22.85868594682759,22.33872560155516,22.623231887817383,26900,0.0,0
2020-08-24,22.9666024346241,23.496375455644454,22.446640233017728,23.48656463623047,28800,0.0,0
2020-08-25,23.780882182419557,23.878988507187845,23.172626337056673,23.623912811279297,24500,0.0,0
2020-08-26,23.584672266075593,23.584672266075593,22.986225347217307,23.054899215698242,22400,0.0,0
2020-08-27,23.054896577216383,23.820123605334253,23.054896577216383,23.722017288208008,18900,0.0,0
2020-08-28,24.006527404941004,24.09482291741251,22.72428330397831,23.3001651763916,38000,0.0,0
2020-08-31,23.17262803817404,24.501963316265318,23.17262803817404,23.231491088867188,47900,0.0,0
2020-09-01,23.143195482780236,25.30152729243001,23.035278330930957,23.457134246826172,37200,0.0,0
2020-09-02,23.31978708280572,23.731832188624722,23.2314915693286,23.46694564819336,29100,0.0,0
2020-09-03,24.77175128235767,25.326050399350724,23.731828782169288,23.92803955078125,42400,0.0,0
2020-09-04,24.604974381549134,25.017019483179826,23.746547242420412,24.663837432861328,64600,0.0,0
2020-09-08,24.585351808752364,24.585351808752364,22.966603924858564,23.123573303222656,34000,0.0,0
2020-09-09,23.565048012938586,23.584669650677952,22.80963180097424,22.946979522705078,37700,0.0,0
2020-09-10,23.43751129540316,23.43751129540316,22.3975887298584,22.3975887298584,29700,0.0,0
2020-09-11,22.40740301993329,22.40740301993329,21.828577664743392,21.936494827270508,41700,0.0,0
2020-09-14,22.024788457802586,22.94698312151357,19.827213338126096,22.87830924987793,69300,0.0,0
2020-09-15,22.19156890419759,22.19156890419759,21.122213793927852,21.25956153869629,44700,0.0,0
2020-09-16,21.357670728607086,22.221002465947542,21.2791860252125,21.82857894897461,31000,0.0,0
2020-09-17,21.47539419298882,21.877628482058928,21.269372573757998,21.328235626220703,13600,0.0,0
2020-09-18,21.651984518423795,21.651984518423795,20.921096183015518,21.44596290588379,108500,0.0,0
2020-09-21,20.769029732896477,21.524445998555613,19.287629660279308,19.89588737487793,56300,0.0,0
2020-09-22,19.7977805333281,20.229447226890322,19.670241753510364,19.984182357788086,46900,0.0,0
2020-09-23,19.797781088662653,20.288310840626654,19.21895583164733,19.248388290405273,55300,0.0,0
2020-09-24,19.444601426233618,19.935131237677343,19.03255630977198,19.385738372802734,28300,0.0,0
2020-09-25,19.375926827305307,20.10681704235682,19.375926827305307,19.92531967163086,42600,0.0,0
2020-09-28,20.160770839107265,21.014293379292255,20.160770839107265,20.84751319885254,26200,0.0,0
2020-09-29,20.70035818307736,20.73959959451327,20.209828377180845,20.680736541748047,22900,0.0,0
2020-09-30,20.553196749450514,21.436149902693632,20.553196749450514,20.95543098449707,30400,0.0,0
2020-10-01,20.886759503176837,21.387098245817235,20.818083760267164,21.190887451171875,35300,0.0,0
2020-10-02,20.60224998616808,22.014976223447633,20.60224998616808,21.848196029663086,18200,0.0,0
2020-10-05,22.33872945052596,23.09905033127086,22.068938411709752,22.819448471069336,28500,0.0,0
2020-10-06,22.819444761394532,23.8691781530749,21.98063931715153,22.691905975341797,34700,0.0,0
2020-10-07,23.251113422864595,24.232173029378327,23.01565747062532,23.535619735717773,48000,0.0,0
2020-10-08,23.780883068663293,24.418571396588188,23.58467228303702,24.222360610961914,41800,0.0,0
2020-10-09,24.22235980796348,24.467624685282445,24.03595797725876,24.143875122070312,62700,0.0,0
2020-10-12,24.016336691240305,24.104632198071688,22.594782025211103,23.339406967163086,35400,0.0,0
2020-10-13,23.01565628039445,23.01565628039445,21.475393077216637,22.574180603027344,15700,0.0,0
2020-10-14,21.589195960645213,23.10395057782618,21.589195960645213,21.80895233154297,31000,0.0,0
2020-10-15,21.328233660732245,23.427700426913297,20.984862455767978,23.045087814331055,59000,0.0,0
2020-10-16,22.89792859708902,23.46203855111571,22.691905131596087,22.839065551757812,33400,0.0,0
2020-10-19,22.966604912926798,23.054900425958067,22.68209860411034,22.75077247619629,11600,0.0,0
2020-10-20,23.025466918945312,23.26092098592909,22.083650651010213,23.025466918945312,37400,0.0,0
2020-10-21,22.848879190785514,23.133385504347114,22.515318774042463,22.790014266967773,15900,0.0,0
2020-10-22,22.642855246493582,24.158592386830968,22.083651579980835,23.918231964111328,48400,0.0,0
2020-10-23,24.05557955740831,24.322427114544663,23.45713265942983,24.04576873779297,18500,0.0,0
2020-10-26,23.61410140991211,23.633723048626862,22.98622394081975,23.61410140991211,16900,0.0,0
2020-10-27,23.35902522180675,23.35902522180675,22.348535175452874,22.73114776611328,26800,0.0,0
2020-10-28,22.662476424916058,24.222361289789962,21.97573397792181,22.417211532592773,42600,0.0,0
2020-10-29,22.10327312971925,22.61832903774021,21.887438823377877,22.358348846435547,27200,0.0,0
2020-10-30,22.51531490721395,22.76057976733078,20.415846432182665,21.946300506591797,61600,0.0,0
2020-11-02,22.456452054513175,22.8096340842869,22.260241271145315,22.564369201660156,82200,0.0,0
2020-11-03,22.613420075720875,23.771070551800527,22.428981164484867,23.545427322387695,81000,0.0,0
2020-11-04,22.917552627070513,22.93717239674632,21.799143421752184,22.230810165405273,49200,0.0,0
2020-11-05,22.220999247285494,22.79001373228151,22.220999247285494,22.456453323364258,39800,0.0,0
2020-11-06,22.564369086696196,23.26092045162043,22.279860926111898,22.36815643310547,22700,0.0,0
2020-11-09,24.36951910584617,25.487926381854024,24.36951910584617,24.86985969543457,142500,0.0,0
2020-11-10,24.732510869391263,25.167121037468313,24.448004567036403,24.5264892578125,174100,0.0,0
2020-11-11,24.712890569893542,24.74722750441996,24.03105448255092,24.614784240722656,46700,0.0,0
2020-11-12,24.230640407481605,24.58523386213027,23.698747407442873,24.476886749267578,34300,0.1,0
2020-11-13,24.890578470774642,25.501268292156624,24.801929645298173,25.186073303222656,26700,0.0,0
2020-11-16,25.846015255416976,26.51580559133787,24.80193131462229,25.717967987060547,151300,0.0,0
2020-11-17,25.491420675771366,25.816465774339843,24.959529550255,25.42247200012207,50600,0.0,0
2020-11-18,24.959528648066193,25.584994563964624,24.959528648066193,25.33382225036621,40900,0.0,0
2020-11-19,25.205775296781212,25.885415715398267,25.205775296781212,25.855865478515625,36300,0.0,0
2020-11-20,25.550521684671963,26.102112980099257,25.136827743423854,25.412622451782227,84000,0.0,0
2020-11-23,25.60961892373771,25.69826775492441,25.12697633100483,25.402772903442383,47000,0.0,0
2020-11-24,25.826315241632983,25.983912747586146,25.442171555710956,25.609619140625,107600,0.0,0
2020-11-25,25.392925182856022,27.259471153789082,25.067880064554032,27.185598373413086,150500,0.0,0
2020-11-27,26.939348345885673,26.939348345885673,26.161209056667275,26.584753036499023,40300,0.0,0
2020-11-30,26.397606894647204,26.61430487620657,25.264874106469485,25.323972702026367,94600,0.0,0
2020-12-01,25.520969996932006,26.21046048608736,25.269799561984385,25.82631492614746,111600,0.0,0
2020-12-02,25.609618700017936,26.84577446832852,24.69358203823132,26.673402786254883,69300,0.0,0
2020-12-03,27.03785055575559,29.707160144669416,26.69310528269125,27.087099075317383,42600,0.0,0
2020-12-04,27.48108871770172,28.663071795785577,27.0575447500765,28.466073989868164,118200,0.0,0
2020-12-07,28.49562551116589,28.49562551116589,27.55988870886792,27.91448402404785,31000,0.0,0
2020-12-08,27.569738741213484,28.781270227764583,27.569738741213484,28.584274291992188,45400,0.0,0
2020-12-09,28.879771140312965,29.15556772399711,28.08685760609275,28.406978607177734,51400,0.0,0
2020-12-10,28.249379134597678,28.653222963448048,28.121329991570747,28.584274291992188,15600,0.0,0
2020-12-11,28.180431900138856,28.37742784595661,27.032923047876224,27.924335479736328,45100,0.0,0
2020-12-14,28.308478089554725,28.362652583165964,27.668238002361875,27.69778823852539,36900,0.0,0
2020-12-15,28.04253206990433,28.81082131463023,27.46139056659444,28.357728958129883,53300,0.0,0
2020-12-16,28.613824502132818,28.613824502132818,28.02283477783203,28.02283477783203,46700,0.0,0
2020-12-17,28.209978950384755,28.308477858080646,27.471239960731157,28.229679107666016,35000,0.0,0
2020-12-18,28.436528557205364,28.56457582911706,26.99844893508587,27.146196365356445,189700,0.0,0
2020-12-21,26.998448188295743,27.126497335376044,25.609619000489133,26.210460662841797,135100,0.0,0
2020-12-22,26.21046166332279,26.21046166332279,25.624394157604552,25.875566482543945,57700,0.0,0
2020-12-23,26.092260906705455,26.80834452809719,25.491419260194913,26.57490348815918,75500,0.0,0
2020-12-24,26.752201857054573,27.195446014404297,26.427156767901593,27.195446014404297,47100,0.0,0
2020-12-28,27.25454340394324,28.12132964378482,27.00829707824036,27.81598472595215,81300,0.0,0
2020-12-29,28.022831642502908,28.091780310709655,26.64385076352671,27.23484230041504,62100,0.0,0
2020-12-30,27.343191281145817,27.618987832683118,27.146193475946273,27.23484230041504,25300,0.0,0
2020-12-31,27.205295181279077,27.530340259535198,27.037847602861657,27.353042602539062,44900,0.0,0
2021-01-04,27.60913713755485,27.60913713755485,26.762049224321597,27.175743103027344,40600,0.0,0
2021-01-05,27.254544682468794,28.003133773167516,27.121571434906144,27.756887435913086,52000,0.0,0
2021-01-06,28.535024601197136,31.10583693777836,27.973583258428924,30.928539276123047,167800,0.0,0
2021-01-07,30.869441993464317,31.232901088074993,30.3867993821785,30.62319564819336,67500,0.0,0
2021-01-08,30.869441068265587,30.869441068265587,29.11616646614857,29.795806884765625,60200,0.0,0
2021-01-11,29.254064467015994,29.928778878523865,29.23436430991976,29.431360244750977,32500,0.0,0
2021-01-12,29.736708606877237,30.278449804530542,29.391963354411278,29.579111099243164,63300,0.0,0
2021-01-13,29.825356432584332,29.825356432584332,28.761572352622164,29.17526626586914,32600,0.0,0
2021-01-14,29.342714736972464,29.840131516475193,29.342714736972464,29.756406784057617,34900,0.0,0
2021-01-15,29.293464439882776,30.199651048054122,28.692622767886743,29.82535743713379,48700,0.0,0
2021-01-19,30.248897447419516,30.248897447419516,29.391961294554154,29.687456130981445,47400,0.0,0
2021-01-20,29.62835824527078,29.904154810227443,29.323013323193667,29.815505981445312,27700,0.0,0
2021-01-21,29.68745721476892,29.855891118817567,29.204814629005856,29.421512603759766,33700,0.0,0
2021-01-22,29.06691825751756,29.89430611187881,28.95856926651225,29.82535743713379,45100,0.0,0
2021-01-25,29.401814176523036,29.835208272824755,28.791122409974687,29.529861450195312,34000,0.0,0
2021-01-26,30.09130173875019,30.09130173875019,28.722172701265663,28.810821533203125,31500,0.0,0
2021-01-27,27.953881584140365,28.9684171048417,27.185594263597334,28.564573287963867,92200,0.0,0
2021-01-28,29.33286620506612,29.864757349879884,28.59905124750989,29.411664962768555,126100,0.0,0
2021-01-29,31.50968016897923,31.908599900011502,29.749510755436937,31.115686416625977,95300,0.0,0
2021-02-01,31.618026878791436,32.78228248853908,30.37694704417441,31.017187118530273,68500,0.0,0
2021-02-02,31.38163452900344,32.41586841732485,31.263435457821604,31.578632354736328,75400,0.0,0
2021-02-03,31.470284705561323,31.74115343975874,30.879293081855316,31.588481903076172,41900,0.0,0
2021-02-04,31.618024599427685,32.97730527833739,31.470279068354763,32.75075912475586,49100,0.0,0
2021-02-05,32.97731031907131,33.2432568245583,32.14992244336324,33.11520767211914,56600,0.0,0
2021-02-08,33.14476012041418,33.666801178581665,31.982477051066084,33.39100646972656,84800,0.0,0
2021-02-09,33.11520582345683,33.13983195973536,31.499830479496136,32.44541549682617,52300,0.0,0
2021-02-10,32.47496687538454,32.603012260350695,31.943073906165722,32.002174377441406,42000,0.0,0
2021-02-11,32.002173648537045,32.545587400394034,31.073430213890944,31.577322006225586,50000,0.1,0
2021-02-12,31.518038610479632,32.693790435791016,31.518038610479632,32.693790435791016,50500,0.0,0
2021-02-16,32.87163199824864,33.28660119150234,32.7135479576252,33.128517150878906,56400,0.0,0
2021-02-17,32.930919710798605,33.59289554925663,32.841997189466184,33.4150505065918,36900,0.0,0
2021-02-18,33.23720268830974,33.39528673869683,32.397381877319766,32.506065368652344,44800,0.0,0
2021-02-19,32.6345087936763,33.62747632038472,32.6345087936763,33.4150505065918,38100,0.0,0
2021-02-22,33.19768444302528,34.052328909350045,33.14828387845066,33.879425048828125,65100,0.0,0
2021-02-23,33.98810454664687,34.521635857803695,33.40813135825279,33.5731315612793,87300,0.0,0
2021-02-24,33.958462283237424,34.9267275880626,33.958462283237424,34.521636962890625,66200,0.0,0
2021-02-25,34.58092498779297,34.986015672603386,34.11655136044137,34.58092498779297,77000,0.0,0
2021-02-26,34.37343756394127,34.857568363984726,33.84978103637696,33.84978103637695,56700,0.0,0
2021-03-01,34.63032436649915,35.055176017570965,33.55831663324609,35.005775451660156,45000,0.0,0
2021-03-02,34.80817010888019,35.00577614546149,34.16101401387255,34.195594787597656,42400,0.0,0
2021-03-03,34.56116372739282,36.39889347206569,34.56116372739282,35.470149993896484,78000,0.0,0
2021-03-04,35.71715776630492,37.08063155709058,35.71715776630492,36.85338592529297,104900,0.0,0
2021-03-05,37.54499935744834,39.669257407649305,37.278231804468135,38.977638244628906,207200,0.0,0
2021-03-08,39.027039468869646,40.825247061862946,38.81955484714456,40.68692398071289,140400,0.0,0
2021-03-09,40.607882557366125,41.299501774564156,39.955785299784324,40.80548858642578,68600,0.0,0
2021-03-10,41.27974083484775,42.178844687371964,40.99321604990556,42.12944412231445,154700,0.0,0
2021-03-11,42.485133043214404,44.42660497141517,41.49710669337221,42.55429458618164,136500,0.0,0
2021-03-12,42.97914759427742,43.463282179570946,42.28258718620535,42.919864654541016,58900,0.0,0
2021-03-15,42.989023621057406,42.989023621057406,41.437822596706894,42.317169189453125,52900,0.0,0
2021-03-16,42.000998973866174,42.07510170479156,40.864770919422284,41.43782424926758,60700,0.0,0
2021-03-17,41.68483216837585,41.892320575384915,40.691868356997915,41.31926345825195,39600,0.0,0
2021-03-18,41.88243584354644,43.21627366058314,41.72435178030742,42.16896438598633,81700,0.0,0
2021-03-19,41.833040797751735,43.1668750216838,41.2599836372926,43.097713470458984,246100,0.0,0
2021-03-22,43.03843188759068,43.03843188759068,41.98124392768232,42.13932800292969,91100,0.0,0
2021-03-23,41.556388106711324,41.931835392182634,39.684077790163634,40.02494430541992,64300,0.0,0
2021-03-24,40.588125015028965,42.208487655843214,39.69889977603505,39.708778381347656,60100,0.0,0
2021-03-25,40.49920510140281,41.42794859052842,39.23452870565313,40.97345733642578,37200,0.0,0
2021-03-26,41.55639096756401,42.39621188432793,41.205642054373364,42.25788879394531,57400,0.0,0
2021-03-29,41.66506605384367,41.84291108420897,40.825245230801706,41.25997543334961,37300,0.0,0
2021-03-30,41.59590623686049,42.74201660827504,40.1336277470572,42.23812484741211,85000,0.0,0
2021-03-31,42.10968342756301,42.74201971023165,41.87255920607305,41.902198791503906,69400,0.0,0
2021-04-01,41.99112470759902,42.485137939453125,41.55639442041527,42.485137939453125,45500,0.0,0
2021-04-05,42.48513515761575,42.78154232351573,42.109684070664265,42.59381866455078,46700,0.0,0
2021-04-06,42.672856396289404,43.17675194185919,41.991119576483605,42.119564056396484,40000,0.0,0
2021-04-07,42.089921112178935,42.74201835411901,41.08213754928907,41.35878372192383,54600,0.0,0
2021-04-08,41.30938502097468,42.34681198415992,40.27195428876785,42.109683990478516,35300,0.0,0
2021-04-09,42.2776497738602,42.57405693454031,41.95159925879699,42.25788879394531,35700,0.0,0
2021-04-12,42.15908347218731,42.37645048005272,41.61566972154528,42.1788444519043,24200,0.0,0
2021-04-13,41.991117795308426,42.04545954338876,41.49710464477538,41.49710464477539,28400,0.0,0
2021-04-14,41.605788610634605,42.76177758680199,41.605788610634605,42.23812484741211,34600,0.0,0
2021-04-15,42.267768722865796,42.59381924813818,41.734237324544445,42.13932800292969,52900,0.0,0
2021-04-16,42.55428979066055,42.9791413747371,41.69470801849168,41.912071228027344,46700,0.0,0
2021-04-19,41.70459011453972,41.90219613258992,40.73632477201719,41.47734451293945,39300,0.0,0
2021-04-20,41.36866268975934,41.36866268975934,39.659377537098095,39.9360237121582,32000,0.0,0
2021-04-21,40.02494378450912,40.88452937984608,39.797698187622025,40.657283782958984,27000,0.0,0
2021-04-22,40.87464864197438,41.4971062916755,39.94590523896077,39.95578384399414,27900,0.0,0
2021-04-23,40.09411064184393,41.66506890244035,40.09411064184393,41.15129852294922,24500,0.0,0
2021-04-26,41.25009725928043,42.10967906899819,41.141413765254505,41.339019775390625,61300,0.0,0
2021-04-27,40.946778984983,42.08004463551628,40.10695428139952,40.736328125,55000,0.0,0
2021-04-28,40.98333240344279,41.546507119466,39.76806044944421,40.74620819091797,68000,0.0,0
2021-04-29,41.66507070356354,42.56417832909364,39.02704207378251,42.25788879394531,97500,0.0,0
2021-04-30,41.99111846349261,43.4731579386747,41.99111846349261,43.206390380859375,145800,0.0,0
2021-05-03,43.47316068663507,43.95729527083298,42.77166286193862,43.27555465698242,80100,0.0,0
2021-05-04,43.27555535107989,43.96717458144628,42.52465694918199,43.789329528808594,78600,0.0,0
2021-05-05,43.769566261101865,44.466126642365516,42.70546222087837,44.461185455322266,107200,0.0,0
2021-05-06,44.362383755767404,44.46118488122826,43.3595338641351,44.253700256347656,51200,0.0,0
2021-05-07,43.83873036517573,44.46118805324724,43.83873036517573,44.22406005859375,48600,0.0,0
2021-05-10,44.45130408319434,44.4611826876445,43.245910813131424,43.55220031738281,75900,0.0,0
2021-05-11,44.15490001116667,44.15490001116667,43.13723398948332,43.571964263916016,50100,0.0,0
2021-05-12,43.93752952934698,44.70818881555037,42.78153683102077,43.4731559753418,118700,0.0,0
2021-05-13,43.383970837337635,44.573116555833344,43.383970837337635,43.948814392089844,88200,0.13,0
2021-05-14,44.2956532592823,44.493844854261035,43.75062920823345,44.16682815551758,67600,0.0,0
2021-05-17,44.02809140047194,44.49384104173494,43.80512823784473,44.09745788574219,57400,0.0,0
2021-05-18,43.849718684754954,44.374923145216684,42.84885671252206,42.99749755859375,33600,0.0,0
2021-05-19,42.61103379267798,42.72003936767578,41.06514376398199,42.72003936767578,84300,0.0,0
2021-05-20,42.551574887845476,43.20560455322265,42.115556370990866,43.205604553222656,52400,0.0,0
2021-05-21,43.27496585700505,44.15691822466222,43.10650546622598,43.9091796875,89600,0.0,0
2021-05-24,43.8497222905619,44.08755295609948,43.324517786912075,43.621803283691406,69500,0.0,0
2021-05-25,43.5127965858385,44.09745968568781,42.39301733761388,42.49211502075195,83000,0.0,0
2021-05-26,42.581303384448994,43.58216546788474,42.23446714469935,43.26506042480469,46200,0.0,0
2021-05-27,43.552436038900666,44.583029271383545,43.48306955019414,44.077640533447266,123800,0.0,0
2021-05-28,43.99836797495241,43.99836797495241,43.294787620281625,43.75062942504883,50400,0.0,0
2021-06-01,43.55243469696954,45.176608452850246,42.95785995184623,44.711849212646484,203600,0.0,0
2021-06-02,45.02895629185161,45.573984111536234,43.66144225388885,43.82990264892578,95900,0.0,0
2021-06-03,43.889359454078495,45.57398223607306,43.355233724844005,45.50461196899414,155200,0.0,0
2021-06-04,45.42534296528112,45.55416807621764,43.97855066771559,44.66230773925781,68600,0.0,0
2021-06-07,44.67221548135227,45.196429568251965,44.44429269730096,44.87040328979492,59100,0.0,0
2021-06-08,44.67221555997427,46.22801329616617,44.43438489715831,45.940635681152344,219300,0.0,0
2021-06-09,45.5838907034383,45.91090738601942,44.865450459862316,45.4649772644043,135400,0.0,0
2021-06-10,45.77217127286607,46.20819352242899,43.80215543171506,44.00827407836914,105600,0.0,0
2021-06-11,44.12718807541569,44.66230423561308,43.57225615834299,43.96863555908203,47800,0.0,0
2021-06-14,44.17674147588431,44.5731209005596,42.69031012792358,43.04705047607422,56900,0.0,0
2021-06-15,43.23533264433531,44.335292407092155,42.734899716735335,44.02809524536133,49300,0.0,0
2021-06-16,43.74071583664176,44.59293701554708,43.13623319671171,44.424476623535156,39800,0.0,0
2021-06-17,44.52357132644356,44.52357132644356,42.284012776990785,42.6903076171875,92600,0.0,0
2021-06-18,41.95699695326955,42.43265447000552,40.07121141258414,40.47056579589844,138200,0.0,0
2021-06-21,40.886768178039866,42.59121059291345,40.866952420825726,42.442569732666016,58000,0.0,0
2021-06-22,42.482202776990036,42.77948826192784,39.907704353520806,42.60111999511719,60300,0.0,0
2021-06-23,42.551572038854445,43.35424630269863,41.61016857186236,42.47229766845703,68300,0.0,0
2021-06-24,42.670489450463045,43.45334039987745,42.234467180713445,43.19569396972656,53100,0.0,0
2021-06-25,43.36415388640698,43.592076677700845,42.819129835490514,43.02722930908203,309500,0.0,0
2021-06-28,42.838946565812186,42.838946565812186,41.45161305258895,42.016456604003906,48800,0.0,0
2021-06-29,42.38311354677809,42.531754415534834,41.73899177492751,41.93718338012695,48500,0.0,0
2021-06-30,41.719168375281676,42.84885928630853,41.719168375281676,42.07591247558594,62700,0.0,0
2021-07-01,42.51193445874596,43.48306907010536,42.42274843422367,42.70021438598633,68000,0.0,0
2021-07-02,42.54166445982465,42.54166445982465,41.788537144696996,41.84799575805664,50800,0.0,0
2021-07-06,41.877720831602055,41.877720831602055,40.30210357753434,41.00568389892578,53200,0.0,0
2021-07-07,40.92640730709675,41.65971507126956,40.87686035361527,41.16423797607422,43900,0.0,0
2021-07-08,40.19310250859998,41.07505111534453,39.63915722218143,40.61921310424805,37100,0.0,0
2021-07-09,41.322790211380806,41.92826327803206,40.4705690086704,41.71916961669922,44800,0.0,0
2021-07-12,41.6200765972576,42.58130338547421,40.936319556885444,42.12546157836914,28400,0.0,0
2021-07-13,42.19482616655852,43.00542360289695,41.0056805250701,41.243507385253906,41100,0.0,0
2021-07-14,40.93632018633017,41.53089120621426,40.34174538625574,40.876861572265625,27900,0.0,0
2021-07-15,40.62911691955764,41.56061238562552,40.43092534927794,41.243507385253906,29300,0.0,0
2021-07-16,41.59034910402718,41.59034910402718,39.93545361953882,40.05436706542969,66100,0.0,0
2021-07-19,39.17241567593139,39.806625716352166,38.58775258613286,39.04359436035156,58500,0.0,0
2021-07-20,39.17241734419777,41.421883775995624,39.12287039146543,40.133644104003906,100900,0.0,0
2021-07-21,40.718308196850366,41.42188477104559,39.98500042614937,40.40120315551758,49800,0.0,0
2021-07-22,40.21292094271521,42.58328155955753,39.142688653643354,39.35078811645508,33500,0.0,0
2021-07-23,39.83635819176028,40.15841905144532,38.90485885727494,39.826446533203125,29100,0.0,0
2021-07-26,39.95527091457359,40.49038706133245,39.935451378005844,40.28228759765625,28700,0.0,0
2021-07-27,39.95527039481082,40.60533833313008,39.70753186122187,40.183189392089844,19500,0.0,0
2021-07-28,40.27237415967163,41.12459529347524,39.44988421950087,40.60929870605469,31300,0.0,0
2021-07-29,41.4317979006395,41.560619229372875,39.75708282520157,40.76785659790039,42900,0.0,0
2021-07-30,40.77776519833389,41.27324227836132,39.65798593901865,40.312015533447266,38900,0.0,0
2021-08-02,40.094007486614196,41.005687349553725,38.71658170322259,39.62826156616211,82000,0.0,0
2021-08-03,39.92554570214503,40.38138372777734,38.70667248742023,40.1931037902832,57000,0.0,0
2021-08-04,39.786810819135106,40.05932094353514,39.57870757372531,39.588619232177734,26200,0.0,0
2021-08-05,39.64807479220937,40.34174346923828,38.99702019900641,40.34174346923828,17900,0.0,0
2021-08-06,40.80749303964431,42.32860754000656,40.38138244395545,41.75880813598633,63300,0.0,0
2021-08-09,41.52098309560681,41.877723437432394,40.708400942210694,41.362430572509766,76200,0.0,0
2021-08-10,41.23360047089778,41.59034454969557,40.44876500961857,41.5804328918457,20400,0.0,0
2021-08-11,41.81826945094544,44.583032672380504,40.95614032540421,41.83808898925781,28200,0.0,0
2021-08-12,42.02636460643211,43.15605171260641,37.82471742151699,41.669620513916016,20200,0.0,0
2021-08-13,41.699354218976,41.699354218976,40.787674396525034,41.02550506591797,30800,0.0,0
2021-08-16,40.64894141445842,41.421884474652536,40.183191734500305,41.02550506591797,14800,0.0,0
2021-08-17,40.69848813662222,41.223692645799666,40.212922702149925,40.30210494995117,21800,0.0,0
2021-08-18,40.27237891208996,40.966047622405696,39.687715770848314,39.73726272583008,27500,0.0,0
2021-08-19,39.35947510836381,39.76708760461168,38.77291041449639,39.707435607910156,25900,0.13,0
2021-08-20,39.48871978695893,40.74138139627251,39.37438773971724,40.16476058959961,71900,0.0,0
2021-08-23,40.14487521872029,41.28817668964706,39.81679493196417,40.79108810424805,35700,0.0,0
2021-08-24,40.572371859918405,41.06946044720858,39.96592317662681,40.641963958740234,34300,0.0,0
2021-08-25,40.38347301448421,40.75132127457247,40.14487263265449,40.313880920410156,32900,0.0,0
2021-08-26,40.54254660320757,40.8905109124378,39.439009260837324,39.538429260253906,44200,0.0,0
2021-08-27,39.906271747995966,41.238469332565906,39.2501149551472,40.57237243652344,42200,0.0,0
2021-08-30,40.78115035012291,40.91635623832775,38.216171281335015,39.985809326171875,25400,0.0,0
2021-08-31,39.7670874792092,41.25835325967955,39.56825128331616,40.91039276123047,51600,0.0,0
2021-09-01,41.019751451837465,41.049579348071475,40.41330651819582,40.820919036865234,38900,0.0,0
2021-09-02,40.72149788062789,41.08437423337044,40.70658582917692,40.96010208129883,33600,0.0,0
2021-09-03,41.00980874086226,41.18378898914469,40.67178834742,40.87062454223633,27600,0.0,0
2021-09-07,40.999870080158175,41.15396633513173,40.51769352332272,40.96010208129883,28800,0.0,0
2021-09-08,40.67178991709618,41.19870263008274,40.627053762590585,40.81097412109375,40800,0.0,0
2021-09-09,40.72149512441923,41.228527594344875,39.48374563545814,40.105106353759766,64900,0.0,0
2021-09-10,40.45306937574791,40.76126567664646,39.50860405869174,39.86650466918945,31900,0.0,0
2021-09-13,39.35649514704519,40.42324535554549,39.339592040961264,40.05540084838867,39000,0.0,0
2021-09-14,40.38347505558561,40.38347505558561,38.92203721368022,38.941917419433594,39500,0.0,0
2021-09-15,38.95186204640756,39.96592322069588,38.94191815085922,39.77702713012695,38900,0.0,0
2021-09-16,39.866504178504414,40.73144107256206,38.25096622949731,39.071163177490234,76700,0.0,0
2021-09-17,39.389299790991146,40.979985594110126,38.703318884996214,40.16476058959961,178900,0.0,0
2021-09-20,39.23023130324803,39.66767169733951,38.37523830659837,39.409183502197266,48700,0.0,0
2021-09-21,40.0007201483064,40.0007201483064,38.93197890249432,39.409183502197266,25800,0.0,0
2021-09-22,39.78697416558515,41.14899594185437,39.77703026925206,40.18464279174805,38100,0.0,0
2021-09-23,40.59225713589808,41.437306243890085,40.59225713589808,40.88056564331055,37500,0.0,0
2021-09-24,40.87062469363552,41.954277977289514,40.86068079799113,41.2484130859375,49700,0.0,0
2021-09-27,41.467131316207976,43.70403008171768,41.42736331684692,42.47125244140625,62700,0.0,0
2021-09-28,42.69990823865291,43.415713189116296,42.192875781569725,42.35194396972656,32100,0.0,0
2021-09-29,42.481190677873926,43.41571586687359,40.721496604583336,42.82915496826172,30800,0.0,0
2021-09-30,43.07769813769198,43.07769813769198,41.94433299027559,42.10340118408203,27900,0.0,0
2021-10-01,42.10340213189679,43.54495980399217,42.10340213189679,42.97827911376953,33600,0.0,0
2021-10-04,43.24671029593035,43.594670815800065,42.958397983761024,43.15723419189453,31300,0.0,0
2021-10-05,43.604613990313844,43.604613990313844,42.40166045012145,42.849037170410156,34500,0.0,0
2021-10-06,42.61043512894575,42.9583956297481,42.113346532093814,42.71979522705078,29800,0.0,0
2021-10-07,43.11746403940744,43.286476135253906,43.057815834684604,43.286476135253906,36100,0.0,0
2021-10-08,43.23676861237247,43.375952815234896,43.05781641083933,43.21688461303711,40500,0.0,0
2021-10-11,43.28647563470414,43.32127168455177,42.44142275021379,42.49113464355469,24300,0.0,0
2021-10-12,42.983251576584706,43.24670792611863,42.520959029813,42.71979522705078,32500,0.0,0
2021-10-13,42.719791985015796,42.79932418238414,41.91450715393468,42.65019989013672,34000,0.0,0
2021-10-14,43.09757917972378,43.65929171288061,42.43148229038644,43.12740707397461,65600,0.0,0
2021-10-15,43.66426328785681,43.74379928877479,42.919627769058465,43.047874450683594,60100,0.0,0
2021-10-18,43.02798606253764,43.67917467806939,42.90868586581197,43.117462158203125,27200,0.0,0
2021-10-19,43.445540778542636,43.445540778542636,42.79932413539245,42.98822021484375,20300,0.0,0
2021-10-20,42.779440972027324,44.206086528266965,42.779440972027324,44.01222229003906,81100,0.0,0
2021-10-21,44.14146956452058,44.25579781968086,43.709001113625185,43.89292526245117,20800,0.0,0
2021-10-22,44.0917562875463,44.7180889710173,42.90868681208772,44.51925277709961,58100,0.0,0
2021-10-25,44.6484984757944,44.6484984757944,43.94263356489261,44.4596061706543,40000,0.0,0
2021-10-26,44.678322718446225,44.73797471669646,44.20111810989968,44.31047821044922,36900,0.0,0
2021-10-27,43.952570761675446,44.55404748055334,42.898745412973774,43.22682189941406,44400,0.0,0
2021-10-28,42.938512260215994,44.23094566496496,42.938512260215994,43.89292526245117,33700,0.0,0
2021-10-29,44.06193311182793,44.77276996009518,44.06193311182793,44.340301513671875,53000,0.0,0
2021-11-01,44.698206044556045,45.97572359607855,44.698206044556045,45.24500274658203,58500,0.0,0
2021-11-02,45.59296545616602,45.96080994582424,45.23506106947806,45.30465316772461,86000,0.0,0
2021-11-03,45.27482853530231,46.50760608334063,45.27482853530231,46.42807388305664,64600,0.0,0
2021-11-04,46.557316547166884,46.72632483788997,44.86721467751221,45.473663330078125,46300,0.0,0
2021-11-05,45.79180187631854,46.74621105058987,45.79180187631854,46.39824676513672,70900,0.0,0
2021-11-08,46.656736400658254,47.243301101630685,46.04034759721632,46.48772430419922,47900,0.0,0
2021-11-09,46.19941631467732,47.302953628214794,46.08011231849456,46.22924041748047,19800,0.0,0
2021-11-10,46.35848178562633,47.23335495117453,46.2739738451882,46.42807388305664,38100,0.0,0
2021-11-11,46.507607526472036,46.8257439224495,45.980694831725295,46.51755142211914,36900,0.0,0
2021-11-12,46.154675507558125,46.35351170500421,45.85145115976197,46.07017135620117,26300,0.0,0
2021-11-15,46.2988318778077,47.145872035046025,45.66255907691855,46.10993957519531,42000,0.0,0
2021-11-16,45.642675077830134,46.33859987598453,45.15055842596822,46.10993957519531,78000,0.0,0
2021-11-17,46.4549199302891,46.4549199302891,45.056111101475665,45.36430740356445,24500,0.0,0
2021-11-18,46.32143927771689,46.32143927771689,45.03030324178006,45.42412567138672,45700,0.13,0
2021-11-19,45.41415336499031,45.543766724899974,43.70925408997452,45.42412567138672,37800,0.0,0
2021-11-22,45.673381753752466,46.790040501760984,45.36929105399915,46.22174072265625,57000,0.0,0
2021-11-23,46.51087604906602,47.00938488644799,46.241680820481285,46.451053619384766,91400,0.0,0
2021-11-24,46.800010433868536,46.800010433868536,45.92263757816711,45.98245620727539,26300,0.0,0
2021-11-26,44.57666025693647,44.88075095835643,42.472952310714774,43.58961486816406,91800,0.0,0
2021-11-29,44.12800161658171,44.4669877858545,42.69229750141969,42.71223831176758,43500,0.0,0
2021-11-30,42.24363813920084,42.79199710386765,41.92459278509213,42.06417465209961,47400,0.0,0
2021-12-01,42.941549865529176,43.60955366851152,41.89468209407615,41.97444152832031,47300,0.0,0
2021-12-02,42.2037615462649,43.988420359024886,42.2037615462649,43.57964324951172,49200,0.0,0
2021-12-03,43.6693747354066,44.16788358810147,42.54772981684314,42.762088775634766,46400,0.0,0
2021-12-06,43.34035975576241,44.078150708917306,43.220714895801656,43.48991012573242,51600,0.0,0
2021-12-07,44.04824002382059,44.1778533830813,42.55271355077097,42.8518180847168,59100,0.0,0
2021-12-08,42.62749237293341,42.86179213846111,42.453015037961926,42.77206039428711,23800,0.0,0
2021-12-09,42.38321964382474,42.6723556820513,42.183819151702174,42.34334182739258,22000,0.0,0
2021-12-10,41.25659447962645,42.2835215181737,41.25659447962645,41.98441696166992,26500,0.0,0
2021-12-13,41.67533948543596,41.8946845985307,40.71820339736556,41.226680755615234,38300,0.0,0
2021-12-14,41.186800508531896,41.894682127541536,40.7381418051735,41.316410064697266,39400,0.0,0
2021-12-15,41.635455055145414,42.03426363326102,40.56864648250471,41.595577239990234,69900,0.0,0
2021-12-16,42.193788765649224,42.602565870573706,41.29647131419516,41.61552047729492,67900,0.0,0
2021-12-17,41.15688705724134,41.316409727877144,39.85079637994837,41.04721450805664,139500,0.0,0
2021-12-20,40.47891685924186,40.73814358956814,39.60154402682236,40.57862091064453,45000,0.0,0
2021-12-21,40.867757555041614,41.53575759430882,40.867757555041614,41.44602584838867,23700,0.0,0
2021-12-22,41.19677070148643,41.96447478020894,41.19677070148643,41.785011291503906,26900,0.0,0
2021-12-23,41.84483402626496,42.3931929998172,41.84483402626496,42.27355194091797,30700,0.0,0
2021-12-27,42.53277377998086,42.85181913108971,42.32639039142292,42.78202819824219,14000,0.0,0
2021-12-28,42.60256503792463,43.37026910842628,42.60256503792463,43.05122375488281,25800,0.0,0
2021-12-29,43.420117833150215,43.45003094886428,43.011340749382605,43.071163177490234,29200,0.0,0
2021-12-30,42.26357888821635,43.11104619904183,42.26357888821635,42.831878662109375,21200,0.0,0
2021-12-31,42.512832275369306,43.031281913278754,41.560682390897924,42.791996002197266,18700,0.0,0
2022-01-03,43.121013972292786,44.02829989449028,42.65241445310356,43.39020919799805,41200,0.0,0
2022-01-04,43.56967503989568,44.58663356871559,43.56967503989568,44.06818389892578,65400,0.0,0
2022-01-05,44.09809113144164,44.32740473937062,43.79898659080908,43.98841857910156,27400,0.0,0
2022-01-06,44.0382692975348,45.26460439635753,43.72919624947368,45.18484115600586,27800,0.0,0
2022-01-07,45.09510839496033,45.364303620093416,44.875763292262135,44.92561721801758,37500,0.0,0
2022-01-10,45.04525933010861,45.194813504245104,44.352332343029396,44.74615478515625,24100,0.0,0
2022-01-11,44.33737669161729,44.566690297713706,43.88871798259361,44.15791320800781,45700,0.0,0
2022-01-12,44.39719497792179,44.50686752854713,43.19080452768411,43.998390197753906,78500,0.0,0
2022-01-13,44.19779687497413,44.73120119726987,43.88872001592286,44.4570198059082,46400,0.0,0
2022-01-14,43.93856944104635,44.776064455581306,43.90367397391242,44.57666015625,29200,0.0,0
2022-01-18,44.10806346147477,44.387227192437585,43.65940474862697,43.76907730102539,63200,0.0,0
2022-01-19,44.22770418269183,44.22770418269183,42.861791047968744,43.499881744384766,36600,0.0,0
2022-01-20,43.70925354991621,43.70925354991621,42.0741452265961,42.14393615722656,82200,0.0,0
2022-01-21,41.80495137069222,43.42011893747271,41.80495137069222,42.34334182739258,58200,0.0,0
2022-01-24,41.814919142215714,43.14594060409682,41.814919142215714,43.12101364135742,77400,0.0,0
2022-01-25,42.85181983170808,43.25062842877489,41.94353741652455,42.77206039428711,56900,0.0,0
2022-01-26,43.12101546337864,43.37026988802244,41.42608461513661,42.27355194091797,48000,0.0,0
2022-01-27,43.12101479876515,43.12101479876515,41.26656129946615,41.73516082763672,87100,0.0,0
2022-01-28,41.85480118343853,42.07414628713199,40.628469910037104,41.7451286315918,47000,0.0,0
2022-01-31,41.515817004654096,42.592597961425774,40.987398833268415,42.59259796142578,66400,0.0,0
2022-02-01,42.423099833506335,43.19080387292503,42.163876920492974,43.1309814453125,64900,0.0,0
2022-02-02,42.95152245672571,43.46996829105222,42.48292294122693,43.34035873413086,73300,0.0,0
2022-02-03,43.28053665683321,43.848836421240925,42.871759566586945,43.17086410522461,146000,0.0,0
2022-02-04,43.35032720041537,44.068181129366295,42.87175918222159,43.998390197753906,51900,0.0,0
2022-02-07,43.92859993526404,44.731199464352315,43.67934551761726,44.31743621826172,63100,0.0,0
2022-02-08,44.347347207923086,45.06520117494775,44.30746558679488,44.786033630371094,45400,0.0,0
2022-02-09,44.77606417181265,44.905677536054675,43.67934623742192,43.868778228759766,45800,0.0,0
2022-02-10,43.838866852643704,43.838866852643704,43.03128119496026,43.459999084472656,59500,0.0,0
2022-02-11,43.2400016784668,43.88999938964844,43.0,43.38999938964844,60800,0.13,0
2022-02-14,43.63999938964844,43.689998626708984,43.13999938964844,43.209999084472656,40400,0.0,0
2022-02-15,43.560001373291016,44.36000061035156,43.119998931884766,44.20000076293945,75900,0.0,0
2022-02-16,43.970001220703125,44.79999923706055,43.84000015258789,44.40999984741211,72900,0.0,0
2022-02-17,44.060001373291016,44.529998779296875,43.483001708984375,44.11000061035156,84900,0.0,0
2022-02-18,44.060001373291016,45.0,44.060001373291016,44.77000045776367,59300,0.0,0
2022-02-22,44.529998779296875,44.880001068115234,44.39250183105469,44.70000076293945,18992,0.0,0
